Date,Open,High,Low,Close,Volume,year,quarter
2005-02-25,86.493,86.516,86.295,86.516,78933,2005,1
2005-02-28,86.516,86.534,86.163,86.287,425148,2005,1
2005-03-01,85.846,86.05,85.846,85.985,147700,2005,1
2005-03-02,85.779,86.016,85.779,85.874,202052,2005,1
2005-03-03,86.06,86.069,85.732,85.943,142621,2005,1
2005-03-04,86.146,86.287,86.016,86.189,691835,2005,1
2005-03-07,86.23,86.337,86.033,86.211,239874,2005,1
2005-03-08,86.016,86.069,85.9,86.026,114021,2005,1
2005-03-09,85.823,85.846,85.426,85.501,130686,2005,1
2005-03-10,85.645,85.645,85.315,85.399,204416,2005,1
2005-03-11,85.596,85.596,85.256,85.47,103512,2005,1
2005-03-14,85.39,85.477,85.207,85.435,153491,2005,1
2005-03-15,85.605,85.614,85.306,85.451,127616,2005,1
2005-03-16,85.451,85.679,85.3,85.511,111783,2005,1
2005-03-17,85.679,85.741,85.357,85.493,226512,2005,1
2005-03-18,85.435,85.518,85.224,85.435,95476,2005,1
2005-03-21,85.543,85.543,85.341,85.435,126084,2005,1
2005-03-22,85.605,85.623,84.823,84.968,214461,2005,1
2005-03-23,84.934,85.079,84.639,85.079,187641,2005,1
2005-03-24,84.968,85.256,84.881,85.13,119933,2005,1
2005-03-28,85.029,85.029,84.775,84.961,98195,2005,1
2005-03-29,85.087,85.155,84.85,84.907,319743,2005,1
2005-03-30,85.265,85.349,84.925,85.164,63214,2005,1
2005-03-31,85.46,85.493,85.097,85.207,151359,2005,1
2005-04-01,85.47,85.477,85.029,85.416,120761,2005,2
2005-04-04,85.341,85.47,85.097,85.315,457638,2005,2
2005-04-05,85.315,85.315,85.052,85.146,54943,2005,2
2005-04-06,85.382,85.426,85.171,85.363,330379,2005,2
2005-04-07,85.525,85.623,85.265,85.265,278745,2005,2
2005-04-08,85.256,85.323,85.052,85.265,154315,2005,2
2005-04-11,85.306,85.451,85.146,85.426,97126,2005,2
2005-04-12,85.341,85.779,85.265,85.661,177951,2005,2
2005-04-13,85.839,85.865,85.587,85.779,88148,2005,2
2005-04-14,85.823,85.9,85.639,85.856,219307,2005,2
2005-04-15,86.05,86.163,85.779,86.163,173579,2005,2
2005-04-18,86.189,86.197,85.883,86.06,181258,2005,2
2005-04-19,86.001,86.279,85.865,86.171,118871,2005,2
2005-04-20,86.06,86.238,85.865,86.23,135765,2005,2
2005-04-21,85.865,86.204,85.865,86.016,129388,2005,2
2005-04-22,86.155,86.211,85.908,86.197,52104,2005,2
2005-04-25,86.112,86.189,85.993,86.163,74911,2005,2
2005-04-26,86.211,86.211,85.951,85.951,81298,2005,2
2005-04-27,86.321,86.417,86.06,86.303,83308,2005,2
2005-04-28,86.279,86.526,86.189,86.526,89685,2005,2
2005-04-29,86.374,86.493,86.155,86.383,178424,2005,2
2005-05-02,86.189,86.197,85.985,86.103,64752,2005,2
2005-05-03,86.171,86.171,85.823,86.042,836700,2005,2
2005-05-04,86.042,86.189,85.814,86.138,75502,2005,2
2005-05-05,86.197,86.365,86.026,86.197,102088,2005,2
2005-05-06,85.968,85.985,85.714,85.874,82720,2005,2
2005-05-09,85.796,85.823,85.697,85.805,83067,2005,2
2005-05-10,86.001,86.069,85.75,85.9,157981,2005,2
2005-05-11,86.138,86.23,85.891,86.042,89685,2005,2
2005-05-12,85.976,86.255,85.814,86.246,98899,2005,2
2005-05-13,86.33,86.4,86.211,86.33,62506,2005,2
2005-05-16,86.33,86.374,86.179,86.204,97838,2005,2
2005-05-17,86.33,86.4,86.211,86.303,117453,2005,2
2005-05-18,86.452,86.576,86.313,86.534,390873,2005,2
2005-05-19,86.383,86.425,86.146,86.321,75854,2005,2
2005-05-20,86.374,86.374,86.12,86.22,134231,2005,2
2005-05-23,86.287,86.526,86.279,86.508,123243,2005,2
2005-05-24,86.644,86.704,86.46,86.661,96304,2005,2
2005-05-25,86.821,86.821,86.534,86.644,121112,2005,2
2005-05-26,86.576,86.67,86.425,86.635,82124,2005,2
2005-05-27,86.611,86.729,86.46,86.576,165898,2005,2
2005-05-31,86.788,86.874,86.618,86.814,77282,2005,2
2005-06-01,86.696,87.16,86.611,87.16,315372,2005,2
2005-06-02,87.127,87.135,86.983,87.1,318801,2005,2
2005-06-03,87.33,87.354,86.829,86.882,83541,2005,2
2005-06-06,86.908,86.983,86.788,86.9,123123,2005,2
2005-06-07,87.127,87.154,86.992,87.127,182441,2005,2
2005-06-08,87.118,87.135,86.924,86.966,129859,2005,2
2005-06-09,86.908,86.974,86.584,86.957,126909,2005,2
2005-06-10,86.837,86.837,86.551,86.618,91811,2005,2
2005-06-13,86.602,86.611,86.374,86.543,103868,2005,2
2005-06-14,86.516,86.526,86.337,86.434,153374,2005,2
2005-06-15,86.425,86.477,86.279,86.383,125013,2005,2
2005-06-16,86.534,86.67,86.408,86.644,105749,2005,2
2005-06-17,86.543,86.67,86.452,86.644,89918,2005,2
2005-06-20,86.543,86.618,86.374,86.452,85431,2005,2
2005-06-21,86.678,86.806,86.46,86.806,88738,2005,2
2005-06-22,87.001,87.186,86.711,87.177,84602,2005,2
2005-06-23,87.075,87.154,86.966,87.092,133994,2005,2
2005-06-24,87.245,87.262,87.059,87.227,202052,2005,2
2005-06-27,87.29,87.354,87.194,87.298,234784,2005,2
2005-06-28,87.168,87.245,87.026,87.042,110832,2005,2
2005-06-29,87.245,87.245,86.865,87.001,197091,2005,2
2005-06-30,87.118,87.28,86.949,87.28,145339,2005,2
2005-07-01,86.908,86.924,86.534,86.687,145457,2005,3
2005-07-05,86.4,86.534,86.263,86.365,167316,2005,3
2005-07-06,86.526,86.584,86.4,86.5,270230,2005,3
2005-07-07,86.696,86.806,86.534,86.611,196269,2005,3
2005-07-08,86.611,86.704,86.444,86.468,273069,2005,3
2005-07-11,86.263,86.508,86.238,86.477,167555,2005,3
2005-07-12,86.516,86.516,86.346,86.434,151131,2005,3
2005-07-13,86.365,86.365,86.171,86.313,296698,2005,3
2005-07-14,86.417,86.434,86.163,86.313,165073,2005,3
2005-07-15,86.271,86.356,86.22,86.356,131866,2005,3
2005-07-18,86.313,86.346,86.146,86.204,87794,2005,3
2005-07-19,86.204,86.356,86.189,86.246,150421,2005,3
2005-07-20,86.12,86.434,86.042,86.393,188116,2005,3
2005-07-21,86.238,86.246,85.934,85.943,159523,2005,3
2005-07-22,86.069,86.22,85.9,86.069,147826,2005,3
2005-07-25,86.069,86.255,85.924,86.069,115085,2005,3
2005-07-26,86.01,86.163,86.01,86.163,133521,2005,3
2005-07-27,86.033,86.179,86.026,86.112,93355,2005,3
2005-07-28,86.095,86.383,86.095,86.365,476193,2005,3
2005-07-29,86.23,86.23,85.951,86.095,125249,2005,3
2005-08-01,85.765,85.814,85.587,85.765,260309,2005,3
2005-08-02,85.706,85.756,85.435,85.577,106583,2005,3
2005-08-03,85.724,85.856,85.561,85.856,198157,2005,3
2005-08-04,85.839,85.856,85.653,85.771,231837,2005,3
2005-08-05,85.46,85.511,85.349,85.349,101738,2005,3
2005-08-08,85.416,85.485,85.241,85.332,102088,2005,3
2005-08-09,85.416,85.485,85.265,85.485,122057,2005,3
2005-08-10,85.614,85.632,85.39,85.493,151724,2005,3
2005-08-11,85.525,85.75,85.477,85.724,149829,2005,3
2005-08-12,85.765,86.01,85.724,85.968,110363,2005,3
2005-08-15,85.985,85.985,85.832,85.891,171692,2005,3
2005-08-16,85.976,86.138,85.976,86.095,330379,2005,3
2005-08-17,86.016,86.077,85.688,85.917,140728,2005,3
2005-08-18,86.026,86.155,85.96,86.155,101147,2005,3
2005-08-19,86.016,86.155,85.943,86.069,87201,2005,3
2005-08-22,86.069,86.204,85.985,86.146,110832,2005,3
2005-08-23,86.146,86.321,86.112,86.204,131038,2005,3
2005-08-24,86.22,86.337,86.163,86.313,116865,2005,3
2005-08-25,86.313,86.346,86.112,86.313,215286,2005,3
2005-08-26,86.295,86.321,86.103,86.246,122770,2005,3
2005-08-29,86.279,86.383,86.171,86.279,115447,2005,3
2005-08-30,86.4,86.602,86.365,86.493,151012,2005,3
2005-08-31,86.696,86.882,86.477,86.829,132581,2005,3
2005-09-01,86.568,86.797,86.434,86.661,123953,2005,3
2005-09-02,86.508,86.745,86.444,86.618,312889,2005,3
2005-09-06,86.576,86.635,86.263,86.452,143328,2005,3
2005-09-07,86.356,86.393,86.197,86.303,113789,2005,3
2005-09-08,86.365,86.383,86.179,86.295,154674,2005,3
2005-09-09,86.22,86.444,86.12,86.271,277203,2005,3
2005-09-12,86.112,86.271,86.01,86.155,125605,2005,3
2005-09-13,86.197,86.425,86.189,86.365,125139,2005,3
2005-09-14,86.356,86.393,86.026,86.271,202643,2005,3
2005-09-15,86.155,86.287,85.9,86.06,195910,2005,3
2005-09-16,86.06,86.069,85.796,85.865,102088,2005,3
2005-09-19,85.839,86.01,85.75,85.943,113430,2005,3
2005-09-20,85.976,86.026,85.632,85.883,259600,2005,3
2005-09-21,86.189,86.22,85.917,86.077,275672,2005,3
2005-09-22,86.189,86.279,86.042,86.155,467919,2005,3
2005-09-23,86.146,86.146,85.943,86.001,100680,2005,3
2005-09-26,85.814,85.908,85.724,85.787,149002,2005,3
2005-09-27,85.839,85.934,85.518,85.732,352002,2005,3
2005-09-28,85.805,85.993,85.653,85.968,276259,2005,3
2005-09-29,85.874,85.934,85.75,85.771,162002,2005,3
2005-09-30,85.846,85.908,85.552,85.732,150421,2005,3
2005-10-03,85.265,85.363,84.977,85.155,101855,2005,4
2005-10-04,85.291,85.332,85.121,85.274,161296,2005,4
2005-10-05,85.306,85.451,85.224,85.407,719364,2005,4
2005-10-06,85.451,85.451,85.224,85.349,153015,2005,4
2005-10-07,85.224,85.46,85.138,85.265,95832,2005,4
2005-10-10,85.341,85.47,85.265,85.372,106463,2005,4
2005-10-11,85.382,85.426,85.112,85.121,151950,2005,4
2005-10-12,85.112,85.256,85.029,85.087,178305,2005,4
2005-10-13,84.977,85.029,84.69,84.865,127616,2005,4
2005-10-14,84.925,85.105,84.706,84.841,122300,2005,4
2005-10-17,85.061,85.097,84.873,84.977,111783,2005,4
2005-10-18,85.061,85.079,84.857,84.943,133760,2005,4
2005-10-19,85.045,85.232,85.045,85.097,163180,2005,4
2005-10-20,84.303,85.121,84.303,85.112,171338,2005,4
2005-10-21,85.217,85.426,85.037,85.306,337703,2005,4
2005-10-24,85.323,85.357,85.037,85.138,161761,2005,4
2005-10-25,85.029,85.232,84.724,84.881,569067,2005,4
2005-10-26,84.749,84.766,84.45,84.552,159400,2005,4
2005-10-27,84.759,84.801,84.46,84.749,86376,2005,4
2005-10-28,84.833,84.841,84.46,84.614,101269,2005,4
2005-10-31,84.514,84.791,84.478,84.605,107888,2005,4
2005-11-01,84.496,84.522,84.23,84.328,512824,2005,4
2005-11-02,84.337,84.399,84.139,84.249,123831,2005,4
2005-11-03,84.249,84.294,83.87,83.961,186809,2005,4
2005-11-04,84.079,84.182,83.918,84.045,143213,2005,4
2005-11-07,84.165,84.206,83.879,84.054,151605,2005,4
2005-11-08,84.337,84.433,84.148,84.345,202409,2005,4
2005-11-09,84.328,84.337,84.063,84.121,156678,2005,4
2005-11-10,84.206,84.443,84.037,84.416,209971,2005,4
2005-11-11,84.275,84.596,84.275,84.505,91934,2005,4
2005-11-14,84.407,84.425,84.07,84.215,626963,2005,4
2005-11-15,84.303,84.45,84.165,84.337,247075,2005,4
2005-11-16,84.505,84.69,84.345,84.53,177242,2005,4
2005-11-17,84.622,84.816,84.443,84.552,324469,2005,4
2005-11-18,84.706,84.766,84.399,84.522,150421,2005,4
2005-11-21,84.791,84.85,84.631,84.791,229236,2005,4
2005-11-22,84.833,85.045,84.683,85.005,239512,2005,4
2005-11-23,85.045,85.07,84.741,84.943,272241,2005,4
2005-11-25,84.968,85.02,84.865,85.02,36866,2005,4
2005-11-28,84.841,85.138,84.833,84.898,249792,2005,4
2005-11-29,85.097,85.121,84.683,84.791,236199,2005,4
2005-11-30,84.857,84.865,84.496,84.614,186936,2005,4
2005-12-01,84.345,84.522,84.021,84.173,615269,2005,4
2005-12-02,84.294,84.328,84.079,84.173,179250,2005,4
2005-12-05,84.257,84.311,83.887,84.215,364646,2005,4
2005-12-06,84.311,84.425,84.148,84.362,219786,2005,4
2005-12-07,84.425,84.478,84.148,84.249,237268,2005,4
2005-12-08,84.425,84.69,84.345,84.683,162002,2005,4
2005-12-09,84.552,84.569,84.197,84.39,207726,2005,4
2005-12-12,84.469,84.505,84.173,84.215,144627,2005,4
2005-12-13,84.215,84.536,84.165,84.536,179843,2005,4
2005-12-14,84.631,84.833,84.545,84.766,238925,2005,4
2005-12-15,84.766,84.791,84.433,84.683,355077,2005,4
2005-12-16,84.898,84.907,84.578,84.674,920834,2005,4
2005-12-19,84.791,84.925,84.648,84.741,232422,2005,4
2005-12-20,84.766,84.85,84.622,84.766,168029,2005,4
2005-12-21,84.759,84.791,84.536,84.766,211984,2005,4
2005-12-22,84.841,84.961,84.766,84.943,202291,2005,4
2005-12-23,84.741,85.217,84.732,85.164,182321,2005,4
2005-12-27,85.146,85.382,85.097,85.382,241166,2005,4
2005-12-28,84.995,84.995,84.665,84.766,1648349,2005,4
2005-12-29,84.775,84.977,84.674,84.816,218832,2005,4
2005-12-30,84.89,85.061,84.665,84.917,166605,2005,4
2006-01-03,84.816,85.029,84.732,84.961,201583,2006,1
2006-01-04,85.005,85.164,84.934,85.164,336165,2006,1
2006-01-05,85.112,85.189,84.934,85.164,239987,2006,1
2006-01-06,85.164,85.171,84.925,84.968,237623,2006,1
2006-01-09,85.045,85.171,84.925,85.061,201467,2006,1
2006-01-10,85.112,85.13,84.881,84.89,297171,2006,1
2006-01-11,85.037,85.052,84.775,84.833,131160,2006,1
2006-01-12,84.857,85.105,84.724,85.052,222379,2006,1
2006-01-13,85.164,85.372,85.105,85.291,128088,2006,1
2006-01-17,85.306,85.372,85.087,85.332,298946,2006,1
2006-01-18,85.561,85.561,85.265,85.435,168494,2006,1
2006-01-19,85.3,85.357,85.105,85.306,184921,2006,1
2006-01-20,85.341,85.426,85.097,85.349,158462,2006,1
2006-01-23,85.283,85.435,85.181,85.349,262202,2006,1
2006-01-24,85.349,85.372,85.097,85.207,247425,2006,1
2006-01-25,85.207,85.207,84.766,84.995,192129,2006,1
2006-01-26,84.881,84.925,84.561,84.741,217180,2006,1
2006-01-27,84.917,84.917,84.639,84.841,194260,2006,1
2006-01-30,84.841,84.873,84.656,84.85,154561,2006,1
2006-01-31,84.85,84.925,84.639,84.865,205952,2006,1
2006-02-01,84.552,84.596,84.257,84.328,542713,2006,1
2006-02-02,84.416,84.522,84.266,84.384,177713,2006,1
2006-02-03,84.294,84.622,84.257,84.622,171338,2006,1
2006-02-06,84.486,84.674,84.433,84.605,141561,2006,1
2006-02-07,84.706,84.716,84.371,84.545,145220,2006,1
2006-02-08,84.587,84.631,84.45,84.505,173461,2006,1
2006-02-09,84.536,84.639,84.353,84.552,170386,2006,1
2006-02-10,84.545,84.622,84.275,84.377,139548,2006,1
2006-02-13,84.416,84.433,84.275,84.433,129503,2006,1
2006-02-14,84.303,84.407,84.215,84.303,280752,2006,1
2006-02-15,84.496,84.514,84.275,84.39,235145,2006,1
2006-02-16,84.384,84.469,84.303,84.311,175230,2006,1
2006-02-17,84.362,84.69,84.362,84.656,184099,2006,1
2006-02-21,84.656,84.674,84.328,84.345,326950,2006,1
2006-02-22,84.545,84.775,84.545,84.683,93821,2006,1
2006-02-23,84.716,84.716,84.46,84.631,186575,2006,1
2006-02-24,84.536,84.766,84.45,84.698,177831,2006,1
2006-02-27,84.759,84.782,84.45,84.522,223677,2006,1
2006-02-28,84.816,84.898,84.683,84.698,199690,2006,1
2006-03-01,84.53,84.552,84.24,84.384,215999,2006,1
2006-03-02,84.303,84.303,83.978,84.173,158338,2006,1
2006-03-03,84.113,84.113,83.935,84.005,270947,2006,1
2006-03-06,83.918,83.97,83.513,83.538,280400,2006,1
2006-03-07,83.766,83.894,83.663,83.749,249552,2006,1
2006-03-08,83.879,83.879,83.663,83.794,231711,2006,1
2006-03-09,83.847,83.91,83.645,83.68,124895,2006,1
2006-03-10,83.775,83.855,83.556,83.714,101147,2006,1
2006-03-13,83.803,83.87,83.733,83.87,235023,2006,1
2006-03-14,83.927,84.148,83.838,84.148,408602,2006,1
2006-03-15,83.902,84.07,83.821,83.918,213993,2006,1
2006-03-16,84.096,84.328,84.028,84.275,144157,2006,1
2006-03-17,84.249,84.249,84.005,84.088,299418,2006,1
2006-03-20,84.173,84.215,84.037,84.054,544604,2006,1
2006-03-21,84.07,84.13,83.775,83.838,195438,2006,1
2006-03-22,84.104,84.19,83.961,83.988,138488,2006,1
2006-03-23,84.173,84.206,83.918,83.918,199340,2006,1
2006-03-24,84.07,84.345,84.005,84.063,129145,2006,1
2006-03-27,84.182,84.215,84.005,84.13,224624,2006,1
2006-03-28,84.088,84.121,83.838,83.918,214580,2006,1
2006-03-29,83.855,83.927,83.588,83.749,437434,2006,1
2006-03-30,83.671,83.775,83.331,83.372,1013588,2006,1
2006-03-31,83.504,83.723,83.504,83.645,181967,2006,1
2006-04-03,83.18,83.313,83.087,83.243,207254,2006,2
2006-04-04,83.294,83.481,83.243,83.356,590214,2006,2
2006-04-05,83.547,83.547,83.331,83.412,231481,2006,2
2006-04-06,83.403,83.412,83.243,83.347,333214,2006,2
2006-04-07,83.216,83.216,82.881,83.065,295522,2006,2
2006-04-10,82.789,83.014,82.789,82.987,315965,2006,2
2006-04-11,83.145,83.234,82.954,83.154,230182,2006,2
2006-04-12,83.087,83.276,82.912,83.079,202530,2006,2
2006-04-13,82.897,83.031,82.78,82.912,215286,2006,2
2006-04-17,82.946,83.065,82.78,83.049,129028,2006,2
2006-04-18,83.049,83.154,82.964,82.987,243293,2006,2
2006-04-19,83.079,83.111,82.822,83.065,275315,2006,2
2006-04-20,83.079,83.103,82.789,82.937,286304,2006,2
2006-04-21,82.937,83.087,82.806,82.928,467919,2006,2
2006-04-24,83.145,83.285,83.004,83.243,166965,2006,2
2006-04-25,83.198,83.198,82.762,82.964,129982,2006,2
2006-04-26,82.84,82.912,82.689,82.822,151605,2006,2
2006-04-27,82.735,83.12,82.689,83.014,169441,2006,2
2006-04-28,83.103,83.198,82.912,83.198,259838,2006,2
2006-05-01,82.815,82.815,82.463,82.555,192603,2006,2
2006-05-02,82.587,82.698,82.481,82.638,145339,2006,2
2006-05-03,82.638,82.674,82.322,82.579,151950,2006,2
2006-05-04,82.175,82.611,82.175,82.538,121830,2006,2
2006-05-05,82.857,82.857,82.538,82.689,151950,2006,2
2006-05-08,82.725,82.78,82.611,82.753,137062,2006,2
2006-05-09,82.683,82.753,82.611,82.707,203832,2006,2
2006-05-10,82.707,82.897,82.072,82.611,201697,2006,2
2006-05-11,82.655,82.655,82.481,82.564,220844,2006,2
2006-05-12,82.497,82.564,82.2,82.389,214813,2006,2
2006-05-15,82.481,82.619,82.406,82.439,149002,2006,2
2006-05-16,82.439,82.881,82.439,82.849,556895,2006,2
2006-05-17,82.531,82.603,82.236,82.603,192833,2006,2
2006-05-18,82.797,82.954,82.771,82.954,264919,2006,2
2006-05-19,82.881,83.079,82.849,82.937,374339,2006,2
2006-05-22,83.094,83.198,82.881,82.954,442281,2006,2
2006-05-23,82.78,82.905,82.655,82.725,290796,2006,2
2006-05-24,82.897,83.087,82.744,82.744,227222,2006,2
2006-05-25,82.946,83.065,82.664,82.735,223917,2006,2
2006-05-26,82.978,83.18,82.753,83.087,324940,2006,2
2006-05-30,82.905,82.964,82.822,82.905,240341,2006,2
2006-05-31,82.996,82.996,82.655,82.717,490958,2006,2
2006-06-01,82.43,82.497,82.236,82.33,554413,2006,2
2006-06-02,82.864,82.97,82.735,82.964,136474,2006,2
2006-06-05,82.698,82.954,82.689,82.689,420892,2006,2
2006-06-06,82.806,82.946,82.628,82.912,301904,2006,2
2006-06-07,82.84,82.857,82.603,82.647,378117,2006,2
2006-06-08,82.89,83.103,82.744,82.928,242348,2006,2
2006-06-09,82.831,83.079,82.831,83.049,197091,2006,2
2006-06-12,83.04,83.04,82.789,82.797,228876,2006,2
2006-06-13,83.073,83.103,82.831,83.031,305927,2006,2
2006-06-14,82.905,82.946,82.603,82.717,186692,2006,2
2006-06-15,82.664,82.683,81.048,82.579,135652,2006,2
2006-06-16,82.707,82.735,82.365,82.531,269286,2006,2
2006-06-19,82.43,82.522,82.245,82.314,194260,2006,2
2006-06-20,82.406,82.421,82.245,82.365,129028,2006,2
2006-06-21,82.322,82.472,82.236,82.389,113085,2006,2
2006-06-22,82.38,82.38,81.954,82.028,293867,2006,2
2006-06-23,82.081,82.149,81.981,82.072,392059,2006,2
2006-06-26,82.054,82.123,81.814,81.841,663117,2006,2
2006-06-27,82.123,82.14,81.898,82.063,881481,2006,2
2006-06-28,82.191,82.191,81.972,81.981,127616,2006,2
2006-06-29,82.013,82.289,81.972,82.271,293155,2006,2
2006-06-30,82.357,82.414,82.227,82.264,221437,2006,2
2006-07-03,81.881,82.191,81.881,82.054,104932,2006,3
2006-07-05,82.072,82.072,81.641,81.814,307334,2006,3
2006-07-06,81.964,81.964,81.78,81.889,161882,2006,3
2006-07-07,81.997,82.348,81.981,82.191,505257,2006,3
2006-07-10,82.298,82.348,82.191,82.271,109417,2006,3
2006-07-11,82.398,82.481,82.28,82.406,241045,2006,3
2006-07-12,82.314,82.453,82.227,82.453,204536,2006,3
2006-07-13,82.34,82.564,82.34,82.522,589862,2006,3
2006-07-14,82.564,82.638,82.421,82.628,872852,2006,3
2006-07-17,82.555,82.587,82.439,82.453,221315,2006,3
2006-07-18,82.38,82.481,82.289,82.398,264560,2006,3
2006-07-19,82.289,82.717,82.236,82.717,152547,2006,3
2006-07-20,82.595,82.873,82.571,82.806,108114,2006,3
2006-07-21,82.954,82.97,82.744,82.753,165194,2006,3
2006-07-24,82.806,82.912,82.78,82.881,203832,2006,3
2006-07-25,82.873,82.873,82.674,82.815,102208,2006,3
2006-07-26,82.789,83.014,82.689,82.864,138488,2006,3
2006-07-27,82.978,83.073,82.78,82.996,160343,2006,3
2006-07-28,83.18,83.234,83.04,83.171,124544,2006,3
2006-07-31,83.154,83.252,83.073,83.073,580292,2006,3
2006-08-01,82.89,82.946,82.655,82.928,230412,2006,3
2006-08-02,83.022,83.094,82.905,82.964,150539,2006,3
2006-08-03,83.065,83.103,82.864,82.978,390055,2006,3
2006-08-04,83.198,83.34,83.198,83.243,160706,2006,3
2006-08-07,83.261,83.303,83.162,83.252,247425,2006,3
2006-08-08,83.234,83.387,83.162,83.252,162234,2006,3
2006-08-09,83.111,83.34,83.111,83.322,155612,2006,3
2006-08-10,83.322,83.331,83.031,83.276,169796,2006,3
2006-08-11,83.171,83.171,83.065,83.128,129388,2006,3
2006-08-14,83.087,83.103,82.937,83.04,230774,2006,3
2006-08-15,83.294,83.364,83.18,83.243,318327,2006,3
2006-08-16,83.62,83.62,83.497,83.513,222495,2006,3
2006-08-17,83.698,83.698,83.504,83.53,169090,2006,3
2006-08-18,83.68,83.714,83.572,83.588,530547,2006,3
2006-08-21,83.741,83.803,83.636,83.794,414151,2006,3
2006-08-22,83.757,83.838,83.69,83.749,510455,2006,3
2006-08-23,83.749,83.838,83.629,83.775,185629,2006,3
2006-08-24,83.887,83.894,83.766,83.766,235853,2006,3
2006-08-25,83.855,83.953,83.766,83.855,205129,2006,3
2006-08-28,83.766,83.918,83.733,83.775,347628,2006,3
2006-08-29,83.803,83.838,83.62,83.812,159045,2006,3
2006-08-30,83.847,83.961,83.847,83.935,173108,2006,3
2006-08-31,83.997,84.19,83.97,84.045,199806,2006,3
2006-09-01,83.706,83.83,83.629,83.723,147700,2006,3
2006-09-05,83.749,83.83,83.612,83.62,162476,2006,3
2006-09-06,83.588,83.68,83.53,83.636,168029,2006,3
2006-09-07,83.62,83.785,83.547,83.612,322935,2006,3
2006-09-08,83.812,83.863,83.723,83.723,142148,2006,3
2006-09-11,83.803,83.838,83.629,83.663,225451,2006,3
2006-09-12,83.723,83.894,83.654,83.87,149590,2006,3
2006-09-13,83.997,84.028,83.855,83.935,154315,2006,3
2006-09-14,83.91,83.97,83.803,83.821,203711,2006,3
2006-09-15,83.961,83.961,83.794,83.794,144750,2006,3
2006-09-18,83.462,83.794,83.462,83.775,280521,2006,3
2006-09-19,83.978,84.063,83.918,83.97,157273,2006,3
2006-09-20,84.165,84.206,84.011,84.063,254635,2006,3
2006-09-21,84.165,84.45,84.005,84.425,306627,2006,3
2006-09-22,84.536,84.631,84.469,84.478,320215,2006,3
2006-09-25,84.648,84.782,84.614,84.648,209615,2006,3
2006-09-26,84.724,84.749,84.605,84.639,401983,2006,3
2006-09-27,84.766,84.865,84.605,84.605,508570,2006,3
2006-09-28,84.674,84.674,84.496,84.522,183622,2006,3
2006-09-29,84.614,84.724,84.496,84.561,489547,2006,3
2006-10-02,84.206,84.384,84.173,84.294,205721,2006,4
2006-10-03,84.337,84.345,84.096,84.275,404462,2006,4
2006-10-04,84.345,84.614,84.266,84.605,298003,2006,4
2006-10-05,84.522,84.522,84.345,84.345,245540,2006,4
2006-10-06,84.311,84.311,84.028,84.028,388159,2006,4
2006-10-09,84.104,84.215,84.07,84.206,214936,2006,4
2006-10-10,83.978,84.005,83.855,83.879,397494,2006,4
2006-10-11,83.988,84.011,83.706,83.785,325656,2006,4
2006-10-12,83.87,84.005,83.785,83.87,308633,2006,4
2006-10-13,83.749,83.766,83.629,83.654,304144,2006,4
2006-10-16,83.87,83.87,83.706,83.794,227222,2006,4
2006-10-17,84.07,84.088,83.855,83.918,170865,2006,4
2006-10-18,83.935,84.045,83.887,84.021,360041,2006,4
2006-10-19,83.91,83.988,83.83,83.978,205837,2006,4
2006-10-20,83.988,84.005,83.887,83.953,169327,2006,4
2006-10-23,83.749,83.794,83.671,83.706,235145,2006,4
2006-10-24,83.785,83.855,83.749,83.803,246957,2006,4
2006-10-25,83.749,84.079,83.749,84.005,292569,2006,4
2006-10-26,84.165,84.311,84.088,84.294,219665,2006,4
2006-10-27,84.53,84.53,84.275,84.46,314663,2006,4
2006-10-30,84.443,84.486,84.371,84.478,207139,2006,4
2006-10-31,84.478,84.791,84.443,84.791,224269,2006,4
2006-11-01,84.469,84.587,84.257,84.578,913502,2006,4
2006-11-02,84.425,84.505,84.407,84.486,294692,2006,4
2006-11-03,84.139,84.173,83.902,84.045,203943,2006,4
2006-11-06,84.005,84.113,83.935,84.045,283588,2006,4
2006-11-07,84.303,84.425,84.23,84.257,266335,2006,4
2006-11-08,84.311,84.505,84.257,84.486,219076,2006,4
2006-11-09,84.45,84.53,84.384,84.514,150301,2006,4
2006-11-10,84.639,84.716,84.53,84.698,171807,2006,4
2006-11-13,84.569,84.639,84.469,84.596,221787,2006,4
2006-11-14,84.791,84.823,84.674,84.716,226512,2006,4
2006-11-15,84.665,84.665,84.486,84.552,251568,2006,4
2006-11-16,84.732,84.741,84.407,84.478,360512,2006,4
2006-11-17,84.522,84.724,84.496,84.698,631456,2006,4
2006-11-20,84.724,84.791,84.631,84.749,262558,2006,4
2006-11-21,84.759,84.873,84.683,84.857,296822,2006,4
2006-11-22,84.816,84.995,84.801,84.961,323760,2006,4
2006-11-24,85.013,85.079,84.977,85.005,208201,2006,4
2006-11-27,84.857,85.037,84.775,84.961,225687,2006,4
2006-11-28,85.155,85.217,84.925,85.189,318442,2006,4
2006-11-29,85.217,85.224,85.005,85.061,355547,2006,4
2006-11-30,85.217,85.372,85.146,85.323,248732,2006,4
2006-12-01,84.961,85.241,84.881,85.146,418880,2006,4
2006-12-04,85.146,85.256,85.029,85.232,218126,2006,4
2006-12-05,85.291,85.291,85.052,85.181,482691,2006,4
2006-12-06,85.112,85.171,85.052,85.112,263264,2006,4
2006-12-07,85.045,85.07,84.943,85.037,200282,2006,4
2006-12-08,84.995,85.037,84.833,84.857,430344,2006,4
2006-12-11,84.917,84.968,84.841,84.907,294460,2006,4
2006-12-12,85.013,85.097,84.925,85.079,262315,2006,4
2006-12-13,84.917,84.943,84.766,84.816,254874,2006,4
2006-12-14,84.823,84.823,84.648,84.706,2741108,2006,4
2006-12-15,85.121,85.121,84.614,84.69,371027,2006,4
2006-12-18,84.741,84.759,84.648,84.741,278863,2006,4
2006-12-19,84.698,84.801,84.674,84.791,298830,2006,4
2006-12-20,84.775,84.841,84.716,84.766,763553,2006,4
2006-12-21,84.823,84.977,84.622,84.925,361574,2006,4
2006-12-22,84.857,84.873,84.665,84.85,545077,2006,4
2006-12-26,84.665,84.841,84.665,84.823,196148,2006,4
2006-12-27,84.433,84.522,84.139,84.294,923431,2006,4
2006-12-28,84.384,84.407,84.096,84.182,386267,2006,4
2006-12-29,84.197,84.197,84.096,84.173,329437,2006,4
2007-01-03,84.425,84.486,84.249,84.353,556658,2007,1
2007-01-04,84.45,84.587,84.377,84.53,2062505,2007,1
2007-01-05,84.425,84.505,84.345,84.469,375994,2007,1
2007-01-08,84.552,84.552,84.433,84.522,332858,2007,1
2007-01-09,84.569,84.569,84.46,84.522,426917,2007,1
2007-01-10,84.522,84.522,84.353,84.425,824651,2007,1
2007-01-11,84.46,84.505,84.206,84.266,527937,2007,1
2007-01-12,84.257,84.303,84.088,84.148,294223,2007,1
2007-01-16,84.275,84.362,84.148,84.275,530192,2007,1
2007-01-17,84.337,84.39,84.148,84.206,305679,2007,1
2007-01-18,84.206,84.353,84.13,84.328,343373,2007,1
2007-01-19,84.371,84.371,84.197,84.294,365357,2007,1
2007-01-22,84.353,84.362,84.249,84.337,311469,2007,1
2007-01-23,84.337,84.337,84.121,84.173,394780,2007,1
2007-01-24,84.294,84.294,84.13,84.148,422904,2007,1
2007-01-25,84.182,84.182,83.953,84.037,1098185,2007,1
2007-01-26,83.97,84.063,83.879,84.028,350587,2007,1
2007-01-29,84.156,84.165,83.87,83.918,458935,2007,1
2007-01-30,84.045,84.054,83.894,84.045,346331,2007,1
2007-01-31,84.011,84.275,83.944,84.113,456572,2007,1
2007-02-01,84.222,84.222,83.766,83.83,970697,2007,1
2007-02-02,83.91,83.997,83.821,83.944,525936,2007,1
2007-02-05,84.063,84.096,83.978,84.079,293039,2007,1
2007-02-06,84.173,84.257,83.894,84.24,279332,2007,1
2007-02-07,84.311,84.377,84.19,84.345,342432,2007,1
2007-02-08,84.319,84.425,84.266,84.39,418053,2007,1
2007-02-09,84.257,84.285,84.021,84.197,495806,2007,1
2007-02-12,84.156,84.197,83.97,84.113,360041,2007,1
2007-02-13,84.028,84.182,83.902,84.104,268698,2007,1
2007-02-14,84.249,84.443,84.156,84.425,318327,2007,1
2007-02-15,84.561,84.614,84.478,84.545,518138,2007,1
2007-02-16,84.545,84.631,84.505,84.605,365589,2007,1
2007-02-20,84.561,84.674,84.469,84.648,298240,2007,1
2007-02-21,84.561,84.656,84.443,84.639,264206,2007,1
2007-02-22,84.578,84.578,84.433,84.469,222147,2007,1
2007-02-23,84.522,84.741,84.522,84.674,425617,2007,1
2007-02-26,84.775,84.873,84.724,84.85,263072,2007,1
2007-02-27,85.198,85.832,84.89,85.198,448307,2007,1
2007-02-28,85.198,85.232,84.943,85.146,630629,2007,1
2007-03-01,85.013,85.029,84.674,84.791,783272,2007,1
2007-03-02,84.873,84.995,84.759,84.968,221675,2007,1
2007-03-05,85.005,85.005,84.791,84.917,312773,2007,1
2007-03-06,84.775,84.925,84.775,84.857,261610,2007,1
2007-03-07,84.898,85.005,84.816,84.925,350345,2007,1
2007-03-08,84.925,84.977,84.816,84.85,415575,2007,1
2007-03-09,84.706,84.759,84.605,84.622,366184,2007,1
2007-03-12,84.816,84.881,84.698,84.873,264919,2007,1
2007-03-13,84.986,85.097,84.881,85.097,406831,2007,1
2007-03-14,85.029,85.155,84.934,84.995,553819,2007,1
2007-03-15,85.105,85.105,84.857,84.898,237975,2007,1
2007-03-16,84.881,84.961,84.801,84.907,312064,2007,1
2007-03-19,84.833,84.865,84.732,84.85,214229,2007,1
2007-03-20,84.995,85.005,84.841,84.934,527472,2007,1
2007-03-21,84.881,85.112,84.823,85.045,784944,2007,1
2007-03-22,85.005,85.02,84.766,84.881,250145,2007,1
2007-03-23,84.986,84.986,84.69,84.775,267280,2007,1
2007-03-26,84.766,84.968,84.665,84.724,524755,2007,1
2007-03-27,84.801,84.833,84.656,84.741,325656,2007,1
2007-03-28,84.881,84.968,84.716,84.782,257116,2007,1
2007-03-29,84.732,84.782,84.605,84.724,263497,2007,1
2007-03-30,84.782,84.791,84.486,84.648,514239,2007,1
2007-04-02,84.587,84.587,84.266,84.425,1258775,2007,2
2007-04-03,84.407,84.443,84.24,84.345,461543,2007,2
2007-04-04,84.433,84.522,84.353,84.433,214342,2007,2
2007-04-05,84.433,84.443,84.275,84.362,318550,2007,2
2007-04-09,84.173,84.182,84.005,84.037,382976,2007,2
2007-04-10,84.206,84.311,84.037,84.165,371849,2007,2
2007-04-11,84.294,84.353,84.011,84.113,406713,2007,2
2007-04-12,84.13,84.285,84.113,84.215,323877,2007,2
2007-04-13,84.249,84.249,83.97,84.079,344461,2007,2
2007-04-16,84.13,84.257,84.063,84.249,468301,2007,2
2007-04-17,84.353,84.496,84.294,84.496,435072,2007,2
2007-04-18,84.587,84.631,84.478,84.622,189173,2007,2
2007-04-19,84.683,84.683,84.469,84.587,264087,2007,2
2007-04-20,84.648,84.648,84.443,84.545,191536,2007,2
2007-04-23,84.578,84.683,84.45,84.631,483994,2007,2
2007-04-24,84.69,84.801,84.648,84.674,268817,2007,2
2007-04-25,84.741,84.808,84.596,84.706,749256,2007,2
2007-04-26,84.69,84.69,84.478,84.545,297644,2007,2
2007-04-27,84.561,84.605,84.45,84.53,199806,2007,2
2007-04-30,84.683,84.816,84.631,84.816,352833,2007,2
2007-05-01,84.425,84.514,84.257,84.443,1216943,2007,2
2007-05-02,84.496,85.07,84.257,84.469,301548,2007,2
2007-05-03,84.433,84.478,84.266,84.377,317623,2007,2
2007-05-04,84.478,84.536,84.377,84.486,276145,2007,2
2007-05-07,84.469,84.569,84.399,84.569,356256,2007,2
2007-05-08,84.587,84.596,84.443,84.478,343811,2007,2
2007-05-09,84.587,84.587,84.371,84.377,356967,2007,2
2007-05-10,84.469,84.53,84.377,84.522,257827,2007,2
2007-05-11,84.614,84.622,84.294,84.353,218718,2007,2
2007-05-14,84.425,84.443,84.222,84.371,292214,2007,2
2007-05-15,84.416,84.425,84.215,84.337,314425,2007,2
2007-05-16,84.215,84.371,84.173,84.353,282171,2007,2
2007-05-17,84.249,84.285,84.148,84.206,250735,2007,2
2007-05-18,84.156,84.206,83.927,83.961,510339,2007,2
2007-05-21,84.028,84.13,83.927,84.13,288371,2007,2
2007-05-22,84.121,84.121,83.847,83.961,417113,2007,2
2007-05-23,83.918,84.021,83.714,83.894,1277671,2007,2
2007-05-24,83.785,83.927,83.612,83.927,400867,2007,2
2007-05-25,83.855,83.927,83.723,83.887,262558,2007,2
2007-05-29,83.887,83.91,83.706,83.803,263150,2007,2
2007-05-30,83.961,83.978,83.812,83.902,1155143,2007,2
2007-05-31,83.794,83.879,83.68,83.714,597891,2007,2
2007-06-01,83.347,83.387,83.18,83.271,1113671,2007,2
2007-06-04,83.34,83.387,83.252,83.372,353302,2007,2
2007-06-05,83.303,83.331,83.049,83.128,289213,2007,2
2007-06-06,83.171,83.19,82.987,83.162,1183116,2007,2
2007-06-07,82.928,82.928,82.481,82.587,377421,2007,2
2007-06-08,82.398,82.611,82.372,82.49,460477,2007,2
2007-06-11,82.38,82.638,82.372,82.546,308357,2007,2
2007-06-12,82.357,82.372,81.981,82.054,449486,2007,2
2007-06-13,81.981,82.314,81.972,82.182,481039,2007,2
2007-06-14,82.289,82.463,82.218,82.348,272604,2007,2
2007-06-15,82.446,82.655,82.348,82.638,555594,2007,2
2007-06-18,82.603,82.717,82.446,82.698,286184,2007,2
2007-06-19,82.84,83.022,82.753,82.964,355547,2007,2
2007-06-20,82.771,82.864,82.603,82.707,769227,2007,2
2007-06-21,82.683,82.78,82.546,82.603,401747,2007,2
2007-06-22,82.603,82.806,82.421,82.806,422904,2007,2
2007-06-25,82.937,82.978,82.771,82.881,360390,2007,2
2007-06-26,82.881,82.964,82.744,82.78,756113,2007,2
2007-06-27,83.04,83.12,82.849,82.937,253458,2007,2
2007-06-28,82.912,83.014,82.771,82.881,346799,2007,2
2007-06-29,82.996,83.12,82.89,83.04,598725,2007,2
2007-07-02,82.698,83.04,82.698,82.905,3635115,2007,3
2007-07-03,83.022,83.145,82.771,82.815,453977,2007,3
2007-07-05,82.698,82.698,82.314,82.463,535274,2007,3
2007-07-06,82.236,82.398,82.157,82.322,332386,2007,3
2007-07-09,82.49,82.506,82.33,82.463,274251,2007,3
2007-07-10,82.689,82.831,82.546,82.822,842017,2007,3
2007-07-11,82.912,82.912,82.531,82.628,275672,2007,3
2007-07-12,82.753,82.753,82.453,82.546,276614,2007,3
2007-07-13,82.717,82.735,82.481,82.647,292569,2007,3
2007-07-16,82.707,82.92,82.619,82.822,330259,2007,3
2007-07-17,82.771,82.849,82.603,82.664,261493,2007,3
2007-07-18,82.689,83.004,82.674,82.881,267869,2007,3
2007-07-19,82.789,82.92,82.735,82.881,379534,2007,3
2007-07-20,82.864,83.224,82.84,83.073,373745,2007,3
2007-07-23,82.937,83.137,82.92,83.022,302020,2007,3
2007-07-24,83.065,83.207,83.031,83.19,246720,2007,3
2007-07-25,82.928,83.285,82.928,83.137,686401,2007,3
2007-07-26,83.216,83.579,83.198,83.436,383550,2007,3
2007-07-27,83.34,83.489,83.224,83.356,390167,2007,3
2007-07-30,83.418,83.471,83.252,83.313,459897,2007,3
2007-07-31,83.271,83.588,83.243,83.572,625189,2007,3
2007-08-01,83.171,83.243,83.014,83.014,962423,2007,3
2007-08-02,83.004,83.137,82.873,82.97,669152,2007,3
2007-08-03,83.171,83.34,83.065,83.34,439087,2007,3
2007-08-06,83.462,83.462,83.111,83.198,273309,2007,3
2007-08-07,83.243,83.395,83.079,83.137,364999,2007,3
2007-08-08,83.137,83.145,82.881,83.04,328252,2007,3
2007-08-09,83.12,83.216,83.004,83.137,320922,2007,3
2007-08-10,83.313,83.313,82.84,82.864,471109,2007,3
2007-08-13,82.771,83.145,82.771,83.014,260189,2007,3
2007-08-14,82.978,83.313,82.978,83.243,296463,2007,3
2007-08-15,83.403,83.412,83.128,83.356,265743,2007,3
2007-08-16,83.347,83.565,83.094,83.303,639726,2007,3
2007-08-17,83.303,83.556,83.087,83.489,368426,2007,3
2007-08-20,83.497,83.596,83.403,83.412,298240,2007,3
2007-08-21,83.847,83.902,83.671,83.803,265393,2007,3
2007-08-22,83.706,83.803,83.547,83.733,644332,2007,3
2007-08-23,83.714,83.855,83.588,83.838,617158,2007,3
2007-08-24,83.812,83.847,83.604,83.62,347041,2007,3
2007-08-27,83.785,83.953,83.723,83.879,356373,2007,3
2007-08-28,83.927,84.23,83.894,84.215,221787,2007,3
2007-08-29,84.23,84.303,84.037,84.045,237975,2007,3
2007-08-30,84.206,84.285,84.121,84.222,220253,2007,3
2007-08-31,84.173,84.505,84.021,84.275,237509,2007,3
2007-09-04,84.407,85.265,83.663,83.821,655204,2007,3
2007-09-05,83.654,84.206,83.654,84.088,348102,2007,3
2007-09-06,84.121,84.197,84.011,84.07,899209,2007,3
2007-09-07,84.371,84.622,84.215,84.596,417578,2007,3
2007-09-10,84.674,84.873,84.536,84.791,337825,2007,3
2007-09-11,84.45,84.775,84.45,84.648,811771,2007,3
2007-09-12,84.605,84.648,84.443,84.53,2410137,2007,3
2007-09-13,84.257,84.377,84.113,84.285,933944,2007,3
2007-09-14,84.514,84.536,84.173,84.345,378831,2007,3
2007-09-17,84.311,84.39,84.23,84.377,328493,2007,3
2007-09-18,84.285,84.724,84.088,84.552,742055,2007,3
2007-09-19,84.514,84.587,84.285,84.536,521326,2007,3
2007-09-20,84.377,84.39,83.879,83.935,333333,2007,3
2007-09-21,84.088,84.206,83.863,84.182,550276,2007,3
2007-09-24,84.197,84.206,84.005,84.19,323760,2007,3
2007-09-25,84.39,84.433,84.222,84.257,307139,2007,3
2007-09-26,84.148,84.294,83.961,84.173,829608,2007,3
2007-09-27,84.13,84.425,84.13,84.319,450078,2007,3
2007-09-28,84.407,84.648,84.266,84.443,397144,2007,3
2007-10-01,84.275,84.285,83.812,83.812,4181144,2007,4
2007-10-02,83.733,84.206,83.733,84.13,333333,2007,4
2007-10-03,84.311,84.345,84.011,84.173,386440,2007,4
2007-10-04,84.249,84.345,84.011,84.139,525821,2007,4
2007-10-05,83.855,84.13,82.937,83.471,886419,2007,4
2007-10-08,83.887,84.384,83.645,84.13,434482,2007,4
2007-10-09,84.028,84.079,83.714,83.953,215881,2007,4
2007-10-10,83.97,84.13,83.741,84.063,840765,2007,4
2007-10-11,83.91,84.121,83.785,84.121,304787,2007,4
2007-10-12,84.045,84.13,83.855,83.961,555834,2007,4
2007-10-15,83.944,84.005,83.794,83.988,237268,2007,4
2007-10-16,84.139,84.19,83.961,84.121,314785,2007,4
2007-10-17,84.139,84.45,84.104,84.407,287842,2007,4
2007-10-18,84.665,84.683,84.486,84.656,319034,2007,4
2007-10-19,84.841,85.037,84.716,85.037,865769,2007,4
2007-10-22,85.105,85.105,84.841,85.013,336165,2007,4
2007-10-23,84.961,84.986,84.801,84.986,388630,2007,4
2007-10-24,85.155,85.435,85.013,85.357,1203355,2007,4
2007-10-25,85.372,85.382,85.121,85.138,279090,2007,4
2007-10-26,85.061,85.265,84.934,85.061,411199,2007,4
2007-10-29,85.079,85.171,84.925,85.061,308401,2007,4
2007-10-30,85.138,85.171,85.013,85.171,298240,2007,4
2007-10-31,84.89,85.146,84.775,84.934,906296,2007,4
2007-11-01,84.683,84.986,84.648,84.791,296822,2007,4
2007-11-02,84.816,85.181,84.791,84.881,473941,2007,4
2007-11-05,85.07,85.07,84.816,84.816,602183,2007,4
2007-11-06,84.766,84.85,84.569,84.706,493914,2007,4
2007-11-07,84.766,84.782,84.53,84.724,846052,2007,4
2007-11-08,84.85,84.898,84.665,84.801,554920,2007,4
2007-11-09,84.986,85.13,84.881,85.097,218103,2007,4
2007-11-12,84.841,85.13,84.841,84.977,264571,2007,4
2007-11-13,85.052,85.105,84.881,84.986,326144,2007,4
2007-11-14,84.873,84.968,84.766,84.952,396966,2007,4
2007-11-15,85.105,85.357,84.952,85.315,583099,2007,4
2007-11-16,85.265,85.349,85.138,85.256,2139716,2007,4
2007-11-19,85.105,85.587,85.105,85.443,492500,2007,4
2007-11-20,85.46,85.477,85.171,85.265,392375,2007,4
2007-11-21,85.614,85.917,85.416,85.917,932435,2007,4
2007-11-23,85.724,85.924,85.477,85.477,162624,2007,4
2007-11-26,85.714,86.468,85.614,86.255,522100,2007,4
2007-11-27,86.287,86.287,85.632,85.9,1102407,2007,4
2007-11-28,85.787,85.908,85.623,85.688,633913,2007,4
2007-11-29,85.993,86.179,85.697,85.934,1768557,2007,4
2007-11-30,85.706,86.204,85.501,86.103,2049160,2007,4
2007-12-03,86.026,86.602,85.891,86.22,744477,2007,4
2007-12-04,86.255,86.303,85.823,85.891,686276,2007,4
2007-12-05,85.943,85.96,85.724,85.732,522747,2007,4
2007-12-06,85.577,85.856,85.382,85.639,952260,2007,4
2007-12-07,85.485,85.485,84.917,85.146,479967,2007,4
2007-12-10,85.164,85.164,84.698,84.977,1082805,2007,4
2007-12-11,85.171,85.614,84.968,85.39,1362940,2007,4
2007-12-12,85.07,85.46,84.857,85.306,591870,2007,4
2007-12-13,85.217,85.217,84.89,84.977,502775,2007,4
2007-12-14,84.925,84.943,84.631,84.749,608885,2007,4
2007-12-17,84.995,85.07,84.732,84.865,650732,2007,4
2007-12-18,85.207,85.357,84.995,85.315,475352,2007,4
2007-12-19,85.382,85.741,85.171,85.493,750043,2007,4
2007-12-20,85.732,85.823,85.416,85.416,577962,2007,4
2007-12-21,85.485,85.485,85.045,85.045,486603,2007,4
2007-12-24,85.052,85.13,84.943,85.07,225338,2007,4
2007-12-26,85.052,85.217,84.724,84.816,306271,2007,4
2007-12-27,84.865,84.925,84.596,84.925,504693,2007,4
2007-12-28,85.112,85.443,85.005,85.382,522760,2007,4
2007-12-31,85.534,85.587,85.138,85.407,836555,2007,4
2008-01-02,85.57,86.627,85.315,85.814,1050244,2008,1
2008-01-03,85.787,86.042,85.577,86.042,437908,2008,1
2008-01-04,85.951,86.425,85.951,86.22,588061,2008,1
2008-01-07,86.287,86.417,85.968,86.12,819498,2008,1
2008-01-08,86.246,86.551,86.06,86.551,1824834,2008,1
2008-01-09,86.485,86.534,86.204,86.346,517154,2008,1
2008-01-10,86.313,86.356,85.943,86.171,344840,2008,1
2008-01-11,86.279,86.551,86.263,86.543,372958,2008,1
2008-01-14,86.543,86.661,86.434,86.611,343074,2008,1
2008-01-15,86.797,86.924,86.635,86.924,426948,2008,1
2008-01-16,86.924,87.018,86.618,86.661,733579,2008,1
2008-01-17,86.761,87.186,86.602,87.186,954037,2008,1
2008-01-18,86.924,87.168,86.788,87.168,956360,2008,1
2008-01-22,87.779,89.054,86.855,87.304,936956,2008,1
2008-01-23,88.135,88.135,87.001,87.042,1076643,2008,1
2008-01-24,87.339,87.339,86.711,86.821,554405,2008,1
2008-01-25,86.602,87.177,86.295,86.974,691695,2008,1
2008-01-28,86.966,87.262,86.932,87.144,571808,2008,1
2008-01-29,87.084,87.154,86.814,86.874,532692,2008,1
2008-01-30,86.974,87.108,86.761,87.01,659048,2008,1
2008-01-31,87.362,87.483,87.018,87.388,766994,2008,1
2008-02-01,87.186,87.227,86.949,86.949,721053,2008,1
2008-02-04,86.829,86.966,86.67,86.9,397232,2008,1
2008-02-05,87.253,87.321,86.89,87.168,735865,2008,1
2008-02-06,87.16,87.16,86.89,87.1,825466,2008,1
2008-02-07,87.067,87.084,86.155,86.33,735311,2008,1
2008-02-08,86.652,86.874,86.516,86.745,642037,2008,1
2008-02-11,86.855,87.1,86.761,86.932,881757,2008,1
2008-02-12,86.687,86.932,86.5,86.9,772050,2008,1
2008-02-13,86.661,86.814,86.383,86.383,603086,2008,1
2008-02-14,86.23,86.393,85.891,86.112,683829,2008,1
2008-02-15,86.22,86.22,86.01,86.069,537970,2008,1
2008-02-19,85.993,86.095,85.525,85.653,705555,2008,1
2008-02-20,85.451,85.771,85.341,85.518,478846,2008,1
2008-02-21,85.908,86.271,85.697,86.22,574653,2008,1
2008-02-22,85.993,86.321,85.732,85.765,1167081,2008,1
2008-02-25,85.839,85.891,85.341,85.46,659123,2008,1
2008-02-26,85.614,85.874,85.518,85.874,754236,2008,1
2008-02-27,86.042,86.087,85.823,86.05,747930,2008,1
2008-02-28,86.408,86.644,86.263,86.568,513414,2008,1
2008-02-29,86.874,87.212,86.526,86.9,1090505,2008,1
2008-03-03,86.444,86.779,86.408,86.559,458758,2008,1
2008-03-04,86.46,86.593,85.924,86.189,455232,2008,1
2008-03-05,86.189,86.211,85.577,85.639,511389,2008,1
2008-03-06,85.741,85.865,85.493,85.511,1371989,2008,1
2008-03-07,86.01,86.05,85.451,85.771,1285090,2008,1
2008-03-10,86.016,86.279,85.891,86.23,525135,2008,1
2008-03-11,85.724,85.865,85.493,85.706,666639,2008,1
2008-03-12,86.016,86.635,85.787,86.584,507493,2008,1
2008-03-13,86.408,86.551,85.874,86.211,493289,2008,1
2008-03-14,86.5,86.821,86.238,86.576,580015,2008,1
2008-03-17,86.468,87.177,86.23,86.949,853316,2008,1
2008-03-18,86.983,87.227,86.576,86.745,470411,2008,1
2008-03-19,86.761,87.271,86.729,87.01,476542,2008,1
2008-03-20,87.212,87.354,86.846,87.313,372891,2008,1
2008-03-24,86.855,86.855,86.408,86.67,499728,2008,1
2008-03-25,86.745,86.932,86.584,86.829,579486,2008,1
2008-03-26,86.829,87.084,86.551,86.576,403187,2008,1
2008-03-27,86.534,86.761,86.365,86.611,438619,2008,1
2008-03-28,86.635,86.837,86.551,86.821,550808,2008,1
2008-03-31,86.908,87.084,86.687,86.687,656796,2008,1
2008-04-01,86.23,86.356,85.732,85.75,1428608,2008,2
2008-04-02,85.924,86.087,85.623,85.787,590080,2008,2
2008-04-03,86.016,86.179,85.771,85.771,568147,2008,2
2008-04-04,86.493,86.729,86.346,86.5,509190,2008,2
2008-04-07,86.321,86.516,86.146,86.493,492621,2008,2
2008-04-08,86.543,86.814,86.444,86.485,483002,2008,2
2008-04-09,86.627,86.957,86.5,86.865,582147,2008,2
2008-04-10,86.687,86.865,86.346,86.593,539400,2008,2
2008-04-11,86.771,86.9,86.584,86.779,311468,2008,2
2008-04-14,86.576,86.821,86.508,86.678,807219,2008,2
2008-04-15,86.337,86.516,86.171,86.211,750937,2008,2
2008-04-16,86.138,86.321,85.756,85.9,456661,2008,2
2008-04-17,85.917,85.934,85.561,85.883,575575,2008,2
2008-04-18,85.605,86.129,85.416,86.112,732554,2008,2
2008-04-21,86.069,86.163,85.874,86.12,518257,2008,2
2008-04-22,86.112,86.346,85.943,86.246,672404,2008,2
2008-04-23,86.138,86.189,85.951,86.163,586357,2008,2
2008-04-24,85.814,85.943,85.614,85.839,430048,2008,2
2008-04-25,85.706,85.832,85.552,85.756,600094,2008,2
2008-04-28,85.724,85.993,85.632,85.968,606701,2008,2
2008-04-29,86.129,86.22,85.883,86.095,824081,2008,2
2008-04-30,86.087,86.618,85.671,86.618,960897,2008,2
2008-05-01,86.417,86.425,86.042,86.197,594546,2008,2
2008-05-02,85.771,86.189,85.714,86.05,546005,2008,2
2008-05-05,86.12,86.163,85.856,86.087,639861,2008,2
2008-05-06,86.23,86.23,85.732,85.805,1099002,2008,2
2008-05-07,85.75,86.06,85.614,86.05,353474,2008,2
2008-05-08,86.112,86.855,85.96,86.271,864077,2008,2
2008-05-09,86.485,86.618,86.179,86.303,512304,2008,2
2008-05-12,86.255,86.444,86.112,86.155,684624,2008,2
2008-05-13,85.951,86.026,85.614,85.661,570327,2008,2
2008-05-14,85.96,85.968,85.534,85.787,344958,2008,2
2008-05-15,85.856,86.246,85.756,86.246,414172,2008,2
2008-05-16,86.001,86.374,85.924,86.033,457494,2008,2
2008-05-19,86.238,86.271,85.943,86.179,744879,2008,2
2008-05-20,86.365,86.393,86.197,86.365,792467,2008,2
2008-05-21,86.246,86.337,86.087,86.246,639021,2008,2
2008-05-22,86.033,86.033,85.518,85.732,601693,2008,2
2008-05-23,85.891,86.069,85.771,86.06,690009,2008,2
2008-05-27,85.688,85.846,85.561,85.577,1022366,2008,2
2008-05-28,85.493,85.596,85.045,85.181,438889,2008,2
2008-05-29,85.155,85.155,84.791,84.943,734084,2008,2
2008-05-30,85.232,85.493,85.138,85.247,1338161,2008,2
2008-06-02,85.061,85.46,84.89,85.232,711045,2008,2
2008-06-03,84.995,85.416,84.85,85.39,562655,2008,2
2008-06-04,85.511,85.518,84.952,85.087,461866,2008,2
2008-06-05,84.857,85.013,84.716,84.775,446560,2008,2
2008-06-06,85.189,85.315,85.013,85.247,513739,2008,2
2008-06-09,84.841,85.045,84.732,84.816,656371,2008,2
2008-06-10,84.639,84.749,84.303,84.377,658344,2008,2
2008-06-11,84.578,84.791,84.353,84.486,600956,2008,2
2008-06-12,84.337,84.353,83.918,83.961,606937,2008,2
2008-06-13,84.063,84.319,83.741,83.749,944106,2008,2
2008-06-16,84.063,84.088,83.741,83.847,543988,2008,2
2008-06-17,84.173,84.19,83.97,84.13,481068,2008,2
2008-06-18,84.311,84.505,84.197,84.486,408608,2008,2
2008-06-19,84.353,84.416,84.054,84.054,515003,2008,2
2008-06-20,84.522,84.536,84.222,84.311,495082,2008,2
2008-06-23,84.371,84.407,84.088,84.197,609177,2008,2
2008-06-24,84.371,84.486,84.173,84.371,607645,2008,2
2008-06-25,84.46,84.469,83.91,84.407,575558,2008,2
2008-06-26,84.639,84.741,84.416,84.522,638201,2008,2
2008-06-27,84.416,84.873,84.416,84.724,550515,2008,2
2008-06-30,84.977,85.061,84.732,84.766,755648,2008,2
2008-07-01,84.943,84.943,84.148,84.148,1009671,2008,3
2008-07-02,84.433,84.46,84.045,84.045,959935,2008,3
2008-07-03,84.319,84.399,84.054,84.07,332296,2008,3
2008-07-07,84.079,84.505,83.87,84.362,712573,2008,3
2008-07-08,84.425,84.766,84.285,84.69,386700,2008,3
2008-07-09,84.841,85.097,84.656,85.02,463193,2008,3
2008-07-10,85.07,85.164,84.801,85.097,681923,2008,3
2008-07-11,85.315,85.315,84.545,84.622,565031,2008,3
2008-07-14,84.614,85.13,84.614,84.749,432371,2008,3
2008-07-15,84.961,85.247,84.934,85.07,512095,2008,3
2008-07-16,84.85,84.857,84.425,84.425,575810,2008,3
2008-07-17,84.425,84.514,83.91,84.054,594696,2008,3
2008-07-18,83.87,84.156,83.565,83.565,517959,2008,3
2008-07-21,83.863,84.005,83.68,83.902,386144,2008,3
2008-07-22,83.935,83.953,83.596,83.714,357828,2008,3
2008-07-23,83.749,83.838,83.604,83.821,479363,2008,3
2008-07-24,83.927,84.433,83.879,84.399,378321,2008,3
2008-07-25,84.257,84.275,83.847,83.97,465887,2008,3
2008-07-28,84.384,84.433,84.182,84.353,541759,2008,3
2008-07-29,84.257,84.337,84.037,84.249,329893,2008,3
2008-07-30,84.319,84.407,83.988,84.345,477104,2008,3
2008-07-31,84.741,84.968,84.522,84.775,661133,2008,3
2008-08-01,84.587,84.587,84.13,84.337,391637,2008,3
2008-08-04,84.266,84.443,84.063,84.088,462704,2008,3
2008-08-05,84.257,84.257,83.927,83.944,578380,2008,3
2008-08-06,83.961,83.961,83.565,83.855,546976,2008,3
2008-08-07,83.961,84.345,83.838,84.294,462305,2008,3
2008-08-08,84.257,84.362,84.104,84.165,424880,2008,3
2008-08-11,84.011,84.275,83.879,83.953,544371,2008,3
2008-08-12,84.165,84.328,84.121,84.311,463900,2008,3
2008-08-13,84.311,84.407,84.021,84.165,355571,2008,3
2008-08-14,84.328,84.425,84.165,84.371,493749,2008,3
2008-08-15,84.622,84.631,84.425,84.614,393648,2008,3
2008-08-18,84.639,84.782,84.53,84.759,622123,2008,3
2008-08-19,84.749,84.749,84.505,84.69,336017,2008,3
2008-08-20,84.816,85.029,84.656,84.816,327721,2008,3
2008-08-21,84.801,84.898,84.622,84.833,427489,2008,3
2008-08-22,84.587,84.775,84.522,84.749,588199,2008,3
2008-08-25,85.061,85.061,84.865,85.005,316458,2008,3
2008-08-26,84.857,85.037,84.791,84.898,749514,2008,3
2008-08-27,84.907,85.164,84.759,85.005,395094,2008,3
2008-08-28,85.105,85.241,84.952,85.079,440162,2008,3
2008-08-29,85.485,85.485,84.782,85.052,828875,2008,3
2008-09-02,84.69,85.029,84.46,85.005,1507107,2008,3
2008-09-03,85.013,85.155,84.841,84.986,496030,2008,3
2008-09-04,85.256,85.426,85.112,85.3,400216,2008,3
2008-09-05,85.47,85.587,85.045,85.045,788255,2008,3
2008-09-08,85.232,85.697,85.13,85.577,1031879,2008,3
2008-09-09,85.661,86.01,85.525,85.96,638469,2008,3
2008-09-10,85.605,85.96,85.605,85.9,608982,2008,3
2008-09-11,86.026,86.026,85.688,85.787,439235,2008,3
2008-09-12,85.856,85.874,85.265,85.443,608280,2008,3
2008-09-15,85.561,85.985,85.477,85.779,457149,2008,3
2008-09-16,86.129,86.179,84.907,84.907,798734,2008,3
2008-09-17,85.07,85.493,84.925,85.121,836462,2008,3
2008-09-18,84.841,85.426,84.639,84.881,1201546,2008,3
2008-09-19,84.425,85.679,84.23,85.265,2345490,2008,3
2008-09-22,84.328,85.029,83.579,83.935,2031731,2008,3
2008-09-23,83.855,84.088,83.579,83.812,514523,2008,3
2008-09-24,83.579,83.961,83.372,83.91,2802168,2008,3
2008-09-25,84.005,84.005,83.243,83.757,748148,2008,3
2008-09-26,83.294,83.838,82.864,83.34,559029,2008,3
2008-09-29,83.198,83.766,81.889,82.954,897043,2008,3
2008-09-30,82.946,83.83,81.916,83.234,774338,2008,3
2008-10-01,82.647,83.395,79.782,82.314,945226,2008,4
2008-10-02,82.271,83.087,81.823,82.628,473085,2008,4
2008-10-03,82.92,83.261,81.771,83.261,592118,2008,4
2008-10-06,83.261,83.961,80.667,83.285,943260,2008,4
2008-10-07,83.079,83.243,81.479,81.555,966516,2008,4
2008-10-08,81.193,81.857,78.552,79.928,986576,2008,4
2008-10-09,79.799,80.516,78.428,80.111,1118421,2008,4
2008-10-10,77.078,77.664,73.282,74.626,1842856,2008,4
2008-10-13,76.312,78.984,75.98,77.522,1076368,2008,4
2008-10-14,78.199,80.416,78.172,79.145,913455,2008,4
2008-10-15,79.712,80.884,78.333,80.416,801270,2008,4
2008-10-16,80.416,80.875,78.927,79.154,570544,2008,4
2008-10-17,78.833,81.014,78.095,79.436,695479,2008,4
2008-10-20,80.111,81.184,79.702,80.858,635166,2008,4
2008-10-21,81.391,82.072,79.866,81.555,674597,2008,4
2008-10-22,82.114,82.735,81.676,82.506,787897,2008,4
2008-10-23,82.707,82.707,80.635,81.057,1010660,2008,4
2008-10-24,81.175,81.342,80.111,80.373,472720,2008,4
2008-10-27,79.951,80.924,79.104,79.568,797961,2008,4
2008-10-28,79.951,80.408,79.145,79.85,712044,2008,4
2008-10-29,80.382,81.463,79.936,81.366,706338,2008,4
2008-10-30,81.342,81.342,80.516,81.271,456480,2008,4
2008-10-31,80.658,81.306,80.299,81.014,865761,2008,4
2008-11-03,81.04,81.04,78.945,79.391,725100,2008,4
2008-11-04,80.342,80.867,79.808,80.667,627448,2008,4
2008-11-05,81.747,81.889,81.211,81.889,723829,2008,4
2008-11-06,82.306,82.306,81.316,81.547,609630,2008,4
2008-11-07,81.78,82.006,80.4,81.964,1037988,2008,4
2008-11-10,82.131,82.236,80.976,81.441,501380,2008,4
2008-11-11,81.005,82.21,81.005,82.054,475539,2008,4
2008-11-12,82.38,82.406,81.074,81.349,972820,2008,4
2008-11-13,81.616,82.021,81.184,81.624,618889,2008,4
2008-11-14,81.889,81.889,81.324,81.873,645168,2008,4
2008-11-17,81.814,82.09,81.564,82.09,481474,2008,4
2008-11-18,81.946,82.227,81.857,81.972,490257,2008,4
2008-11-19,82.28,82.638,82.14,82.21,645741,2008,4
2008-11-20,82.647,82.683,82.021,82.227,976135,2008,4
2008-11-21,82.227,82.611,81.4,81.564,1199481,2008,4
2008-11-24,81.981,82.531,81.081,81.555,1800716,2008,4
2008-11-25,82.514,83.68,82.453,83.596,1240460,2008,4
2008-11-26,83.749,84.23,82.978,83.276,1015569,2008,4
2008-11-28,83.523,83.803,82.822,83.111,348298,2008,4
2008-12-01,83.565,83.988,83.094,83.944,713789,2008,4
2008-12-02,83.588,84.156,83.462,84.028,758052,2008,4
2008-12-03,84.088,84.088,83.497,84.037,689183,2008,4
2008-12-04,84.104,84.319,83.596,84.319,843546,2008,4
2008-12-05,84.011,84.399,82.628,83.855,728334,2008,4
2008-12-08,84.275,84.275,83.579,83.741,772216,2008,4
2008-12-09,84.215,84.53,83.757,84.53,900396,2008,4
2008-12-10,84.13,84.552,84.104,84.377,957116,2008,4
2008-12-11,84.596,84.816,84.206,84.816,805968,2008,4
2008-12-12,84.925,84.968,84.173,84.833,803161,2008,4
2008-12-15,84.791,85.037,84.578,85.037,591947,2008,4
2008-12-16,84.706,85.372,84.683,85.372,792547,2008,4
2008-12-17,85.908,86.189,85.274,85.832,1109048,2008,4
2008-12-18,86.033,86.5,85.372,86.374,1100167,2008,4
2008-12-19,86.05,86.374,85.688,86.095,980335,2008,4
2008-12-22,86.365,86.568,86.095,86.559,1760839,2008,4
2008-12-23,86.356,87.413,86.23,87.405,914691,2008,4
2008-12-24,87.194,87.963,87.1,87.82,580758,2008,4
2008-12-26,87.887,87.991,87.362,87.528,552075,2008,4
2008-12-29,86.983,87.963,86.983,87.878,725445,2008,4
2008-12-30,87.519,88.1,87.421,87.905,673867,2008,4
2008-12-31,88.009,88.083,87.413,87.973,723211,2008,4
2009-01-02,87.592,88.135,87.379,87.421,572604,2009,1
2009-01-05,87.379,88.914,87.042,88.81,3906797,2009,1
2009-01-06,88.424,88.531,87.304,88.312,791858,2009,1
2009-01-07,87.982,88.042,87.177,87.51,1444772,2009,1
2009-01-08,87.727,87.855,86.618,86.837,1909793,2009,1
2009-01-09,86.711,87.221,86.4,86.543,1344157,2009,1
2009-01-12,86.534,87.194,86.425,87.001,914957,2009,1
2009-01-13,87.212,87.221,86.779,87.144,691942,2009,1
2009-01-14,87.339,87.339,86.627,87.026,1124734,2009,1
2009-01-15,86.829,87.397,86.661,87.018,1237580,2009,1
2009-01-16,86.932,87.685,86.797,87.465,719247,2009,1
2009-01-20,86.711,87.118,86.652,87.01,783520,2009,1
2009-01-21,87.154,87.154,86.543,86.551,733922,2009,1
2009-01-22,86.696,86.696,85.943,86.179,527849,2009,1
2009-01-23,86.129,86.444,85.805,86.042,682901,2009,1
2009-01-26,85.883,86.171,85.164,85.96,650730,2009,1
2009-01-27,85.796,86.534,85.645,86.4,639443,2009,1
2009-01-28,86.738,86.761,86.22,86.452,565181,2009,1
2009-01-29,86.337,86.568,85.605,85.679,1027515,2009,1
2009-01-30,85.814,86.393,85.796,86.22,718678,2009,1
2009-02-02,85.874,86.246,85.75,85.765,699508,2009,1
2009-02-03,85.908,86.112,85.382,85.382,679617,2009,1
2009-02-04,85.518,85.653,85.155,85.265,795683,2009,1
2009-02-05,85.493,85.661,84.934,84.995,829617,2009,1
2009-02-06,85.198,85.416,84.399,85.224,2288546,2009,1
2009-02-09,85.39,85.47,85.037,85.232,695050,2009,1
2009-02-10,85.39,85.943,85.138,85.756,620044,2009,1
2009-02-11,85.671,86.238,85.605,85.741,612929,2009,1
2009-02-12,86.026,86.279,85.814,86.197,433497,2009,1
2009-02-13,85.596,86.138,85.596,85.934,1006529,2009,1
2009-02-17,86.238,86.33,85.805,86.001,515278,2009,1
2009-02-18,86.016,86.197,85.765,85.823,585786,2009,1
2009-02-19,85.771,85.856,85.485,85.688,628975,2009,1
2009-02-20,85.839,86.033,85.07,85.247,775488,2009,1
2009-02-23,85.814,85.814,85.181,85.688,734291,2009,1
2009-02-24,85.552,85.985,85.357,85.518,715523,2009,1
2009-02-25,85.477,85.623,85.3,85.443,573997,2009,1
2009-02-26,85.07,85.349,84.934,84.995,601786,2009,1
2009-02-27,84.943,85.224,84.841,85.005,547995,2009,1
2009-03-02,85.013,85.112,84.683,85.013,741335,2009,1
2009-03-03,84.881,84.995,84.505,84.898,1146894,2009,1
2009-03-04,84.749,84.749,84.222,84.514,648489,2009,1
2009-03-05,84.674,84.986,84.469,84.791,809323,2009,1
2009-03-06,84.89,85.02,84.552,85.013,828469,2009,1
2009-03-09,85.02,85.02,84.433,84.433,762456,2009,1
2009-03-10,84.345,84.639,84.275,84.631,599582,2009,1
2009-03-11,84.706,84.898,84.303,84.823,717791,2009,1
2009-03-12,84.791,85.037,84.639,84.898,713052,2009,1
2009-03-13,84.766,85.045,84.724,84.986,663251,2009,1
2009-03-16,84.631,84.816,84.569,84.732,760930,2009,1
2009-03-17,84.857,84.925,84.45,84.478,761120,2009,1
2009-03-18,84.596,86.01,84.53,85.814,583264,2009,1
2009-03-19,85.891,86.865,85.614,86.026,872615,2009,1
2009-03-20,86.016,86.138,85.485,85.543,606199,2009,1
2009-03-23,85.639,85.679,85.407,85.543,612159,2009,1
2009-03-24,85.121,85.416,84.961,84.961,1103671,2009,1
2009-03-25,84.977,85.265,84.505,84.596,1466333,2009,1
2009-03-26,84.749,84.816,84.469,84.766,1403604,2009,1
2009-03-27,84.943,85.171,84.545,84.823,1540647,2009,1
2009-03-30,84.775,85.341,84.775,85.224,728209,2009,1
2009-03-31,85.265,85.661,85.037,85.661,753936,2009,1
2009-04-01,85.426,85.511,84.934,85.332,684231,2009,2
2009-04-02,85.357,85.363,84.873,85.052,1134867,2009,2
2009-04-03,85.181,85.181,84.433,84.782,3641033,2009,2
2009-04-06,84.977,84.995,84.514,84.766,584978,2009,2
2009-04-07,84.782,84.816,84.433,84.631,953658,2009,2
2009-04-08,84.791,85.029,84.683,84.898,624295,2009,2
2009-04-09,84.665,85.02,84.605,84.782,666527,2009,2
2009-04-13,85.112,85.39,84.706,85.39,562138,2009,2
2009-04-14,85.013,85.382,84.952,85.372,702083,2009,2
2009-04-15,85.443,85.614,85.265,85.614,631463,2009,2
2009-04-16,85.485,85.534,85.283,85.46,540725,2009,2
2009-04-17,85.306,85.357,84.986,84.986,575318,2009,2
2009-04-20,85.357,85.477,85.079,85.477,833687,2009,2
2009-04-21,85.614,85.623,85.146,85.207,829568,2009,2
2009-04-22,85.283,85.485,85.138,85.435,529906,2009,2
2009-04-23,85.435,85.57,85.232,85.543,376577,2009,2
2009-04-24,85.577,85.639,85.265,85.639,630159,2009,2
2009-04-27,85.756,85.968,85.485,85.771,725925,2009,2
2009-04-28,86.033,86.033,85.614,85.75,469936,2009,2
2009-04-29,85.846,85.846,85.349,85.39,576574,2009,2
2009-04-30,85.543,85.805,85.241,85.805,898808,2009,2
2009-05-01,85.332,85.399,85.052,85.198,633441,2009,2
2009-05-04,85.525,85.614,85.079,85.265,815919,2009,2
2009-05-05,85.534,85.756,85.274,85.443,1047556,2009,2
2009-05-06,85.587,85.856,85.511,85.639,985006,2009,2
2009-05-07,85.688,85.832,85.097,85.256,1676629,2009,2
2009-05-08,85.332,85.623,85.13,85.416,834117,2009,2
2009-05-11,85.382,85.75,85.382,85.477,510310,2009,2
2009-05-12,85.518,85.976,85.493,85.951,929517,2009,2
2009-05-13,86.069,86.23,85.771,86.026,508917,2009,2
2009-05-14,86.155,86.179,85.846,86.077,536254,2009,2
2009-05-15,85.976,86.271,85.976,86.271,728011,2009,2
2009-05-18,86.271,86.295,85.943,86.016,497323,2009,2
2009-05-19,85.985,86.155,85.943,86.095,692504,2009,2
2009-05-20,86.069,86.534,86.042,86.356,642238,2009,2
2009-05-21,86.365,86.485,85.9,86.087,464832,2009,2
2009-05-22,86.016,86.077,85.771,85.856,512084,2009,2
2009-05-26,86.001,86.016,85.561,85.661,554495,2009,2
2009-05-27,85.645,85.741,85.052,85.189,751635,2009,2
2009-05-28,85.13,85.323,84.782,85.224,749376,2009,2
2009-05-29,85.097,86.238,85.097,86.138,1349462,2009,2
2009-06-01,85.46,85.561,84.759,84.816,1312778,2009,2
2009-06-02,85.315,85.46,84.89,85.39,730260,2009,2
2009-06-03,85.265,85.671,85.265,85.632,942547,2009,2
2009-06-04,85.511,85.511,84.873,84.917,699316,2009,2
2009-06-05,84.841,84.898,84.486,84.486,565998,2009,2
2009-06-08,84.469,84.683,84.257,84.257,766571,2009,2
2009-06-09,84.545,84.741,84.407,84.639,522573,2009,2
2009-06-10,84.433,84.873,84.399,84.399,912862,2009,2
2009-06-11,84.345,84.986,84.054,84.698,569338,2009,2
2009-06-12,84.706,85.189,84.706,85.105,422955,2009,2
2009-06-15,85.349,85.426,85.079,85.426,580128,2009,2
2009-06-16,85.372,85.632,85.224,85.543,509059,2009,2
2009-06-17,85.688,85.917,85.552,85.714,537427,2009,2
2009-06-18,85.561,85.57,85.138,85.155,650217,2009,2
2009-06-19,84.977,85.477,84.977,85.47,690457,2009,2
2009-06-22,85.741,85.805,85.477,85.596,610646,2009,2
2009-06-23,85.639,85.943,85.511,85.874,619480,2009,2
2009-06-24,85.814,86.103,85.645,85.645,621127,2009,2
2009-06-25,85.756,86.211,85.639,86.042,679548,2009,2
2009-06-26,86.189,86.295,86.042,86.295,556895,2009,2
2009-06-29,86.138,86.425,86.138,86.22,470755,2009,2
2009-06-30,86.095,86.365,86.042,86.238,951682,2009,2
2009-07-01,85.787,86.001,85.741,85.917,532374,2009,3
2009-07-02,85.9,86.246,85.9,86.12,629704,2009,3
2009-07-06,86.016,86.197,85.985,86.05,515838,2009,3
2009-07-07,86.103,86.365,86.087,86.33,612697,2009,3
2009-07-08,86.303,86.806,86.303,86.806,933463,2009,3
2009-07-09,86.5,86.696,86.374,86.559,708997,2009,3
2009-07-10,86.72,86.957,86.644,86.855,596222,2009,3
2009-07-13,86.874,87.059,86.761,86.814,469988,2009,3
2009-07-14,86.618,86.761,86.46,86.551,625850,2009,3
2009-07-15,86.287,86.444,85.985,85.985,1003828,2009,3
2009-07-16,86.12,86.417,86.12,86.255,485299,2009,3
2009-07-17,86.12,86.337,86.095,86.255,516608,2009,3
2009-07-20,86.12,86.526,86.087,86.356,797963,2009,3
2009-07-21,86.189,86.966,86.189,86.957,960233,2009,3
2009-07-22,86.865,86.924,86.559,86.661,532328,2009,3
2009-07-23,86.738,86.738,86.313,86.444,666941,2009,3
2009-07-24,86.279,86.576,86.204,86.444,685165,2009,3
2009-07-27,86.112,86.425,85.985,86.179,1043760,2009,3
2009-07-28,86.12,86.559,86.12,86.337,796994,2009,3
2009-07-29,86.584,86.687,86.246,86.493,533334,2009,3
2009-07-30,86.346,86.704,86.287,86.602,1311015,2009,3
2009-07-31,86.916,87.236,86.745,87.042,1251115,2009,3
2009-08-03,86.771,86.779,86.374,86.576,846745,2009,3
2009-08-04,86.779,86.837,86.23,86.313,744208,2009,3
2009-08-05,86.393,86.393,86.112,86.238,718610,2009,3
2009-08-06,86.279,86.408,86.138,86.279,666764,2009,3
2009-08-07,85.865,86.189,85.57,85.765,1272474,2009,3
2009-08-10,86.146,86.477,85.823,86.434,1087796,2009,3
2009-08-11,86.644,86.745,86.485,86.738,876009,2009,3
2009-08-12,86.771,86.806,86.383,86.696,794092,2009,3
2009-08-13,86.753,87.1,86.635,86.916,618783,2009,3
2009-08-14,87.1,87.33,86.974,87.067,535895,2009,3
2009-08-17,87.236,87.456,86.992,87.43,745901,2009,3
2009-08-18,87.313,87.421,87.144,87.144,522679,2009,3
2009-08-19,87.236,87.465,87.135,87.321,575307,2009,3
2009-08-20,87.397,87.474,84.614,87.465,704911,2009,3
2009-08-21,87.492,87.519,86.957,86.957,596572,2009,3
2009-08-24,87.042,87.43,86.916,87.313,513244,2009,3
2009-08-25,87.144,87.551,87.144,87.456,564080,2009,3
2009-08-26,87.538,87.669,87.474,87.582,818060,2009,3
2009-08-27,87.379,87.574,87.313,87.519,575775,2009,3
2009-08-28,87.37,87.694,87.321,87.456,595015,2009,3
2009-08-31,87.592,87.82,87.551,87.82,956529,2009,3
2009-09-01,87.43,87.643,87.262,87.388,964333,2009,3
2009-09-02,87.519,87.956,87.388,87.855,996239,2009,3
2009-09-03,87.66,87.829,87.519,87.694,887230,2009,3
2009-09-04,87.676,87.77,87.456,87.528,640785,2009,3
2009-09-08,87.421,87.627,87.397,87.397,559408,2009,3
2009-09-09,87.362,87.627,87.304,87.566,715713,2009,3
2009-09-10,87.694,88.092,87.566,88.017,670114,2009,3
2009-09-11,88.066,88.2,87.92,88.009,528699,2009,3
2009-09-14,87.802,88.126,87.802,87.878,443553,2009,3
2009-09-15,87.77,87.938,87.718,87.745,557233,2009,3
2009-09-16,87.896,87.92,87.71,87.811,703140,2009,3
2009-09-17,87.864,88.227,87.795,88.227,553462,2009,3
2009-09-18,88.017,88.135,87.905,88.009,555607,2009,3
2009-09-21,87.973,88.135,87.878,87.938,512328,2009,3
2009-09-22,87.829,88.074,87.829,87.878,669953,2009,3
2009-09-23,87.92,88.135,87.802,88.1,728601,2009,3
2009-09-24,88.135,88.295,88.083,88.209,542486,2009,3
2009-09-25,88.279,88.462,88.2,88.462,605081,2009,3
2009-09-28,88.414,88.496,88.295,88.453,721258,2009,3
2009-09-29,88.362,88.514,88.253,88.414,1107970,2009,3
2009-09-30,88.345,88.574,88.336,88.574,967494,2009,3
2009-10-01,88.336,88.505,88.143,88.489,927149,2009,4
2009-10-02,88.651,91.139,88.253,88.32,807815,2009,4
2009-10-05,88.489,88.6,88.345,88.381,787998,2009,4
2009-10-06,88.462,88.489,88.253,88.253,601366,2009,4
2009-10-07,88.522,88.692,88.453,88.607,627990,2009,4
2009-10-08,88.727,88.745,88.371,88.55,604953,2009,4
2009-10-09,88.371,88.398,87.929,87.938,670475,2009,4
2009-10-12,88.168,88.191,87.973,88.143,492655,2009,4
2009-10-13,88.279,88.371,88.191,88.354,449194,2009,4
2009-10-14,88.049,88.253,88.049,88.15,580609,2009,4
2009-10-15,88.001,88.074,87.829,88.017,859754,2009,4
2009-10-16,87.956,88.083,87.871,88.009,541894,2009,4
2009-10-19,88.066,88.184,87.829,88.184,538146,2009,4
2009-10-20,88.279,88.39,88.235,88.39,559159,2009,4
2009-10-21,88.253,88.327,88.042,88.327,544086,2009,4
2009-10-22,88.143,88.253,88.058,88.2,612857,2009,4
2009-10-23,88.083,88.184,88.009,88.092,800306,2009,4
2009-10-26,88.042,88.2,87.829,87.855,555946,2009,4
2009-10-27,87.982,88.253,87.887,88.2,496333,2009,4
2009-10-28,88.209,88.354,88.083,88.32,769981,2009,4
2009-10-29,88.253,88.279,88.049,88.15,697607,2009,4
2009-10-30,88.227,88.514,88.191,88.48,608773,2009,4
2009-11-02,88.271,88.304,88.009,88.074,1224958,2009,4
2009-11-03,88.143,88.235,87.946,87.956,808835,2009,4
2009-11-04,88.009,88.15,87.811,87.811,579806,2009,4
2009-11-05,87.802,88.083,87.551,88.042,1062557,2009,4
2009-11-06,88.009,88.191,87.946,88.117,514595,2009,4
2009-11-09,88.184,88.279,88.092,88.235,601806,2009,4
2009-11-10,88.304,88.371,88.15,88.253,548813,2009,4
2009-11-11,88.227,88.48,88.191,88.287,602382,2009,4
2009-11-12,88.244,88.462,88.092,88.462,599054,2009,4
2009-11-13,88.446,88.558,88.287,88.558,482001,2009,4
2009-11-16,88.489,88.89,88.489,88.769,567006,2009,4
2009-11-17,88.692,88.845,88.642,88.845,805128,2009,4
2009-11-18,88.801,88.947,88.558,88.66,623964,2009,4
2009-11-19,88.791,88.845,88.633,88.753,465063,2009,4
2009-11-20,88.777,88.81,88.667,88.783,499174,2009,4
2009-11-23,88.686,88.783,88.574,88.769,556046,2009,4
2009-11-24,88.862,89.03,88.667,89.03,600212,2009,4
2009-11-25,88.987,89.115,88.89,89.115,494139,2009,4
2009-11-27,88.906,89.193,88.898,89.193,215603,2009,4
2009-11-30,89.175,89.344,88.93,89.344,747556,2009,4
2009-12-01,88.938,88.995,88.783,88.826,932001,2009,4
2009-12-02,88.801,88.898,88.591,88.66,567457,2009,4
2009-12-03,88.6,88.667,88.446,88.667,879984,2009,4
2009-12-04,88.362,88.558,88.2,88.489,1468852,2009,4
2009-12-07,88.522,88.642,88.429,88.574,659481,2009,4
2009-12-08,88.769,88.88,88.667,88.692,836895,2009,4
2009-12-09,88.727,88.81,88.558,88.6,537772,2009,4
2009-12-10,88.531,88.6,88.398,88.531,629865,2009,4
2009-12-11,88.424,88.437,88.279,88.32,611051,2009,4
2009-12-14,88.489,88.496,88.336,88.371,500138,2009,4
2009-12-15,88.184,88.279,88.108,88.135,561480,2009,4
2009-12-16,88.235,88.405,88.227,88.287,613212,2009,4
2009-12-17,88.471,88.514,88.32,88.429,569112,2009,4
2009-12-18,88.489,88.642,88.424,88.429,621372,2009,4
2009-12-21,88.362,88.39,88.049,88.066,742631,2009,4
2009-12-22,87.913,87.946,87.702,87.811,720035,2009,4
2009-12-23,87.871,87.973,87.802,87.846,695992,2009,4
2009-12-24,87.702,87.795,87.574,87.694,459243,2009,4
2009-12-28,87.608,87.718,87.127,87.16,4086392,2009,4
2009-12-29,87.051,87.127,86.957,87.01,985228,2009,4
2009-12-30,87.212,87.227,87.026,87.227,628527,2009,4
2009-12-31,86.992,87.212,86.771,87.118,770174,2009,4
2010-01-04,87.186,87.304,87.084,87.221,1167294,2010,1
2010-01-05,87.483,87.651,87.397,87.617,591300,2010,1
2010-01-06,87.651,87.651,87.304,87.566,843919,2010,1
2010-01-07,87.519,87.559,87.354,87.465,833859,2010,1
2010-01-08,87.694,87.694,87.413,87.519,487110,2010,1
2010-01-11,87.51,87.566,87.388,87.448,808915,2010,1
2010-01-12,87.694,88.009,87.651,88.009,2148690,2010,1
2010-01-13,87.878,87.946,87.627,87.634,627246,2010,1
2010-01-14,87.779,87.956,87.694,87.864,589045,2010,1
2010-01-15,88.058,88.143,87.956,88.025,679706,2010,1
2010-01-19,87.973,88.025,87.802,87.887,891786,2010,1
2010-01-20,88.033,88.143,87.973,88.117,725716,2010,1
2010-01-21,88.117,88.345,88.033,88.143,638222,2010,1
2010-01-22,88.126,88.336,88.1,88.191,504080,2010,1
2010-01-25,88.218,88.218,88.025,88.184,607556,2010,1
2010-01-26,88.345,88.398,88.2,88.287,1522071,2010,1
2010-01-27,88.2,88.398,88.168,88.227,730522,2010,1
2010-01-28,88.143,88.279,88.092,88.15,756486,2010,1
2010-01-29,88.092,88.405,88.074,88.345,884449,2010,1
2010-02-01,88.108,88.143,87.913,87.956,592259,2010,1
2010-02-02,87.973,88.083,87.963,88.058,731302,2010,1
2010-02-03,87.92,88.017,87.71,87.896,2411119,2010,1
2010-02-04,88.042,88.244,87.991,88.108,703322,2010,1
2010-02-05,88.168,88.424,88.033,88.143,918775,2010,1
2010-02-08,88.235,88.304,88.083,88.304,777890,2010,1
2010-02-09,88.15,88.336,88.1,88.15,835427,2010,1
2010-02-10,88.159,88.2,87.837,87.946,541476,2010,1
2010-02-11,87.837,87.887,87.651,87.795,646770,2010,1
2010-02-12,88.009,88.025,87.82,87.82,597975,2010,1
2010-02-16,87.829,88.083,87.779,88.042,700423,2010,1
2010-02-17,88.009,88.025,87.727,87.77,601655,2010,1
2010-02-18,87.795,87.887,87.592,87.736,472704,2010,1
2010-02-19,87.592,87.802,87.544,87.802,592527,2010,1
2010-02-22,87.702,87.811,87.617,87.651,1324219,2010,1
2010-02-23,87.736,88.017,87.736,87.963,637330,2010,1
2010-02-24,88.066,88.143,87.946,88.058,640468,2010,1
2010-02-25,88.191,88.235,88.001,88.235,778344,2010,1
2010-02-26,88.227,88.345,88.227,88.253,778180,2010,1
2010-03-01,88.1,88.2,88.017,88.108,730231,2010,1
2010-03-02,88.049,88.184,88.049,88.143,781281,2010,1
2010-03-03,88.058,88.184,88.049,88.143,582051,2010,1
2010-03-04,88.092,88.327,88.092,88.295,924756,2010,1
2010-03-05,88.227,88.227,88.017,88.135,1249460,2010,1
2010-03-08,88.135,88.2,88.058,88.191,2158846,2010,1
2010-03-09,88.32,88.336,88.209,88.287,1347196,2010,1
2010-03-10,88.126,88.235,88.126,88.235,604953,2010,1
2010-03-11,88.2,88.304,88.159,88.235,638242,2010,1
2010-03-12,88.218,88.327,88.143,88.235,1009259,2010,1
2010-03-15,88.32,88.354,88.227,88.345,983716,2010,1
2010-03-16,88.336,88.55,88.295,88.505,599854,2010,1
2010-03-17,88.471,88.616,88.471,88.574,782333,2010,1
2010-03-18,88.566,88.574,88.462,88.496,730439,2010,1
2010-03-19,88.437,88.522,88.39,88.429,459075,2010,1
2010-03-22,88.531,88.566,88.429,88.496,622311,2010,1
2010-03-23,88.462,88.591,88.462,88.514,857415,2010,1
2010-03-24,88.362,88.362,87.991,88.074,712087,2010,1
2010-03-25,88.001,88.009,87.685,87.846,1673911,2010,1
2010-03-26,87.779,88.017,87.77,87.991,1478270,2010,1
2010-03-29,88.017,88.017,87.837,87.887,567070,2010,1
2010-03-30,87.905,87.963,87.82,87.92,544097,2010,1
2010-03-31,87.946,88.092,87.929,87.973,955074,2010,1
2010-04-01,87.651,87.745,87.566,87.669,1637793,2010,2
2010-04-05,87.456,87.456,87.067,87.127,1003491,2010,2
2010-04-06,87.194,87.354,87.194,87.236,1104492,2010,2
2010-04-07,87.298,87.608,87.298,87.608,882191,2010,2
2010-04-08,87.727,87.754,87.501,87.528,480515,2010,2
2010-04-09,87.559,87.651,87.465,87.617,489405,2010,2
2010-04-12,87.727,87.837,87.634,87.82,562968,2010,2
2010-04-13,87.905,87.991,87.846,87.963,804549,2010,2
2010-04-14,87.929,88.017,87.779,87.864,606826,2010,2
2010-04-15,87.837,88.033,87.71,88.025,989825,2010,2
2010-04-16,88.058,88.227,87.991,88.159,566284,2010,2
2010-04-19,88.15,88.227,87.982,88.001,909237,2010,2
2010-04-20,88.001,88.143,87.973,88.143,770614,2010,2
2010-04-21,88.143,88.287,88.074,88.287,883265,2010,2
2010-04-22,88.271,88.345,88.049,88.117,772771,2010,2
2010-04-23,87.974,88.05,87.914,88.01,568307,2010,2
2010-04-26,88.058,88.126,87.973,88.001,693721,2010,2
2010-04-27,88.117,88.405,88.1,88.279,1123575,2010,2
2010-04-28,88.15,88.279,88.058,88.143,1098381,2010,2
2010-04-29,88.159,88.253,88.083,88.176,782538,2010,2
2010-04-30,88.218,88.6,88.218,88.55,1087207,2010,2
2010-05-03,88.143,88.209,88.017,88.126,754510,2010,2
2010-05-04,88.424,88.489,88.279,88.471,815477,2010,2
2010-05-05,88.55,88.642,88.405,88.405,782677,2010,2
2010-05-06,88.566,89.14,88.405,88.531,1614772,2010,2
2010-05-07,88.727,89.064,88.143,88.15,1672383,2010,2
2010-05-10,88.159,88.32,88.092,88.143,1386632,2010,2
2010-05-11,88.471,88.471,88.184,88.462,493295,2010,2
2010-05-12,88.362,88.462,88.279,88.371,504064,2010,2
2010-05-13,88.54,88.574,88.354,88.496,416690,2010,2
2010-05-14,88.783,88.947,88.624,88.818,691889,2010,2
2010-05-17,88.753,89.054,88.686,88.753,369661,2010,2
2010-05-18,88.88,89.097,88.777,89.054,676291,2010,2
2010-05-19,89.081,89.175,88.93,89.097,682111,2010,2
2010-05-20,89.283,89.344,88.898,89.021,1036146,2010,2
2010-05-21,89.283,89.461,89.115,89.405,1238544,2010,2
2010-05-24,89.405,89.487,89.336,89.353,1562813,2010,2
2010-05-25,89.572,89.718,89.43,89.461,1364298,2010,2
2010-05-26,89.414,89.438,89.237,89.362,1047277,2010,2
2010-05-27,89.21,89.21,88.956,89.149,1267181,2010,2
2010-05-28,89.132,89.327,89.124,89.244,778533,2010,2
2010-06-01,88.922,89.158,88.89,89.115,2029322,2010,2
2010-06-02,89.14,89.175,89.012,89.021,1467070,2010,2
2010-06-03,88.914,89.073,88.836,88.98,1454854,2010,2
2010-06-04,89.21,89.336,89.073,89.21,1613269,2010,2
2010-06-07,89.124,89.479,89.124,89.47,492783,2010,2
2010-06-08,89.454,89.522,89.371,89.371,751921,2010,2
2010-06-09,89.317,89.454,89.21,89.423,636841,2010,2
2010-06-10,89.283,89.344,89.107,89.149,767102,2010,2
2010-06-11,89.185,89.396,89.124,89.201,522194,2010,2
2010-06-14,89.185,89.327,89.03,89.327,709170,2010,2
2010-06-15,89.371,89.445,89.193,89.327,1043094,2010,2
2010-06-16,89.252,89.479,89.252,89.461,772891,2010,2
2010-06-17,89.445,89.784,89.445,89.675,917004,2010,2
2010-06-18,89.776,89.776,89.512,89.529,749134,2010,2
2010-06-21,89.461,89.726,89.336,89.726,822415,2010,2
2010-06-22,89.726,89.877,89.596,89.819,661793,2010,2
2010-06-23,89.784,90.115,89.784,90.048,394796,2010,2
2010-06-24,90.166,90.232,89.903,89.967,959774,2010,2
2010-06-25,89.885,90.158,89.885,90.098,607040,2010,2
2010-06-28,90.308,90.335,90.175,90.264,625692,2010,2
2010-06-29,90.477,90.556,90.317,90.538,554120,2010,2
2010-06-30,90.609,90.634,90.368,90.549,1241639,2010,2
2010-07-01,90.343,90.434,90.158,90.232,880051,2010,3
2010-07-02,90.071,90.241,90.063,90.106,692492,2010,3
2010-07-06,90.21,90.418,90.124,90.385,653557,2010,3
2010-07-07,90.442,90.46,90.249,90.264,1194819,2010,3
2010-07-08,90.183,90.317,90.056,90.249,734993,2010,3
2010-07-09,90.056,90.255,90.056,90.115,579697,2010,3
2010-07-12,90.249,90.335,90.166,90.218,382173,2010,3
2010-07-13,90.218,90.226,89.976,89.986,475252,2010,3
2010-07-14,90.115,90.317,90.106,90.292,929762,2010,3
2010-07-15,90.385,90.53,90.308,90.418,1482902,2010,3
2010-07-16,90.582,90.747,90.503,90.7,456133,2010,3
2010-07-19,90.656,90.73,90.556,90.614,502882,2010,3
2010-07-20,90.674,90.755,90.538,90.547,728891,2010,3
2010-07-21,90.556,90.967,90.556,90.943,612550,2010,3
2010-07-22,90.867,90.867,90.747,90.859,1086974,2010,3
2010-07-23,90.876,90.876,90.582,90.7,837476,2010,3
2010-07-26,90.73,90.73,90.538,90.683,988122,2010,3
2010-07-27,90.665,90.747,90.605,90.648,610716,2010,3
2010-07-28,90.648,90.851,90.64,90.816,584866,2010,3
2010-07-29,90.707,90.9,90.674,90.9,525522,2010,3
2010-07-30,91.131,91.147,90.943,91.055,1107184,2010,3
2010-08-02,90.747,90.809,90.605,90.683,1810638,2010,3
2010-08-03,90.809,90.867,90.692,90.738,1358848,2010,3
2010-08-04,90.738,90.825,90.46,90.582,1160084,2010,3
2010-08-05,90.7,90.747,90.573,90.692,1148704,2010,3
2010-08-06,90.9,90.951,90.738,90.867,956115,2010,3
2010-08-09,90.892,90.908,90.781,90.867,598920,2010,3
2010-08-10,90.867,91.114,90.809,91.018,675707,2010,3
2010-08-11,91.105,91.139,91.002,91.105,806136,2010,3
2010-08-12,91.122,91.163,90.9,90.958,793465,2010,3
2010-08-13,90.985,91.181,90.9,91.171,685596,2010,3
2010-08-16,91.46,91.493,91.357,91.477,913587,2010,3
2010-08-17,91.381,91.398,91.275,91.366,606732,2010,3
2010-08-18,91.468,91.468,91.223,91.266,659671,2010,3
2010-08-19,91.275,91.601,91.247,91.565,554705,2010,3
2010-08-20,91.529,91.546,91.34,91.434,786080,2010,3
2010-08-23,91.666,91.747,91.574,91.747,566950,2010,3
2010-08-24,91.887,92.125,91.719,92.106,985351,2010,3
2010-08-25,92.216,92.321,91.866,91.896,574178,2010,3
2010-08-26,91.935,92.201,91.878,92.018,1391791,2010,3
2010-08-27,91.905,92.106,91.503,91.512,541192,2010,3
2010-08-30,91.805,92.125,91.683,92.125,507924,2010,3
2010-08-31,92.115,92.236,92.028,92.201,871601,2010,3
2010-09-01,91.756,91.866,91.46,91.747,1153282,2010,3
2010-09-02,91.609,91.638,91.485,91.629,1438552,2010,3
2010-09-03,91.317,91.468,91.214,91.416,946606,2010,3
2010-09-07,91.519,91.766,91.477,91.683,605459,2010,3
2010-09-08,91.574,91.683,91.519,91.609,968634,2010,3
2010-09-09,91.398,91.468,91.147,91.171,909581,2010,3
2010-09-10,91.079,91.163,90.958,90.976,866910,2010,3
2010-09-13,90.994,91.256,90.951,91.181,1233644,2010,3
2010-09-14,91.247,91.519,91.206,91.512,936096,2010,3
2010-09-15,91.398,91.546,91.3,91.34,961125,2010,3
2010-09-16,91.223,91.31,91.027,91.189,817160,2010,3
2010-09-17,91.181,91.398,91.181,91.31,820184,2010,3
2010-09-20,91.275,91.398,91.206,91.34,847187,2010,3
2010-09-21,91.407,91.795,91.389,91.729,587471,2010,3
2010-09-22,91.795,91.925,91.701,91.756,771438,2010,3
2010-09-23,91.961,91.961,91.738,91.859,989146,2010,3
2010-09-24,91.701,91.738,91.512,91.519,1269641,2010,3
2010-09-27,91.729,91.896,91.657,91.831,1130522,2010,3
2010-09-28,91.813,92.135,91.813,92.054,1158296,2010,3
2010-09-29,92.008,92.078,91.905,91.99,984869,2010,3
2010-09-30,91.945,91.99,91.638,91.951,3105892,2010,3
2010-10-01,91.619,91.71,91.519,91.619,1593261,2010,4
2010-10-04,91.647,91.831,91.619,91.775,912263,2010,4
2010-10-05,91.915,91.915,91.719,91.775,896159,2010,4
2010-10-06,91.971,92.054,91.859,91.866,1231039,2010,4
2010-10-07,91.99,92.018,91.878,91.905,1137711,2010,4
2010-10-08,92.172,92.192,92.045,92.097,687943,2010,4
2010-10-11,92.097,92.115,92.008,92.045,513429,2010,4
2010-10-12,92.097,92.163,91.905,91.951,677328,2010,4
2010-10-13,91.998,92.008,91.785,91.945,1162873,2010,4
2010-10-14,91.925,91.971,91.574,91.601,1289984,2010,4
2010-10-15,91.583,91.593,91.373,91.416,1006936,2010,4
2010-10-18,91.609,91.795,91.546,91.738,892834,2010,4
2010-10-19,91.657,91.925,91.609,91.813,717466,2010,4
2010-10-20,91.813,92.008,91.747,91.925,1003728,2010,4
2010-10-21,91.896,91.961,91.785,91.785,599160,2010,4
2010-10-22,91.785,91.887,91.747,91.821,693903,2010,4
2010-10-25,92.078,92.078,91.813,91.831,854886,2010,4
2010-10-26,91.719,91.747,91.574,91.619,511773,2010,4
2010-10-27,91.529,91.693,91.416,91.443,694560,2010,4
2010-10-28,91.529,91.693,91.529,91.676,597065,2010,4
2010-10-29,91.785,91.866,91.701,91.866,1127544,2010,4
2010-11-01,91.719,91.813,91.503,91.593,870955,2010,4
2010-11-02,91.795,91.795,91.683,91.756,1243677,2010,4
2010-11-03,91.915,92.097,91.647,91.738,546605,2010,4
2010-11-04,92.037,92.236,91.971,92.182,739794,2010,4
2010-11-05,91.925,92.037,91.84,91.925,1054561,2010,4
2010-11-08,91.915,92.037,91.859,91.887,437756,2010,4
2010-11-09,91.866,91.905,91.398,91.434,811507,2010,4
2010-11-10,91.425,91.519,91.079,91.357,1075338,2010,4
2010-11-11,91.357,91.398,91.238,91.349,502187,2010,4
2010-11-12,91.229,91.349,90.985,90.985,850045,2010,4
2010-11-15,90.809,90.892,90.46,90.485,2387173,2010,4
2010-11-16,90.564,90.73,90.283,90.707,1726135,2010,4
2010-11-17,90.833,90.951,90.683,90.73,971815,2010,4
2010-11-18,90.622,90.722,90.493,90.707,1082410,2010,4
2010-11-19,90.715,90.867,90.715,90.809,756850,2010,4
2010-11-22,90.927,91.072,90.927,91.027,605167,2010,4
2010-11-23,91.266,91.31,91.122,91.122,487113,2010,4
2010-11-24,90.976,90.994,90.674,90.683,875148,2010,4
2010-11-26,90.747,90.908,90.738,90.867,142557,2010,4
2010-11-29,91.055,91.055,90.851,90.927,778528,2010,4
2010-11-30,91.181,91.181,90.831,90.865,907276,2010,4
2010-12-01,90.132,90.183,89.919,89.928,1123212,2010,4
2010-12-02,89.976,90.004,89.743,89.75,1329183,2010,4
2010-12-03,90.081,90.132,89.81,89.928,746665,2010,4
2010-12-06,90.089,90.255,90.048,90.255,3079450,2010,4
2010-12-07,89.928,89.986,89.438,89.555,1435135,2010,4
2010-12-08,89.327,89.327,88.801,89.124,2193244,2010,4
2010-12-09,89.266,89.396,89.09,89.283,952058,2010,4
2010-12-10,89.274,89.274,89.038,89.115,1423881,2010,4
2010-12-13,88.922,89.266,88.836,89.175,2142157,2010,4
2010-12-14,88.995,89.097,88.522,88.677,1112109,2010,4
2010-12-15,88.55,88.854,88.32,88.522,1604020,2010,4
2010-12-16,88.434,88.725,88.268,88.691,1947056,2010,4
2010-12-17,88.718,89.21,88.718,89.175,1823693,2010,4
2010-12-20,89.201,89.43,89.081,89.237,1098945,2010,4
2010-12-21,89.274,89.414,89.185,89.405,1796320,2010,4
2010-12-22,89.461,89.461,89.201,89.299,790995,2010,4
2010-12-23,89.21,89.237,89.073,89.132,1519234,2010,4
2010-12-27,89.167,89.438,88.995,89.388,811244,2010,4
2010-12-28,88.995,89.097,88.574,88.574,837713,2010,4
2010-12-29,88.613,89.257,88.587,89.205,575458,2010,4
2010-12-30,89.1,89.196,88.948,89.135,922151,2010,4
2010-12-31,89.27,89.498,89.257,89.498,590979,2010,4
